,0,1,2
0,0.19886311501306964,-0.10882659318204116,1.9705866331709745
1,-0.3707464068226005,0.022408990923923334,1.9705866331709745
2,0.19886311501306964,-0.9881050066920024,1.9705866331709745
3,0.7684726368487398,-1.1685539348377036,-0.5074630991436532
4,0.9820762075371161,-1.2768232917251243,1.9705866331709745
5,-1.1539594993466469,-0.5419040207317237,-0.5074630991436532
6,-1.3675630700350232,0.20613880867227363,-0.5074630991436532
7,1.1244785879960337,-0.49515134389397386,-0.5074630991436532
8,0.6972714466192811,1.123147452612699,-0.5074630991436532
9,1.0532773977665748,0.34639683918552255,-0.5074630991436532
10,-0.3707464068226005,-0.8847569842085556,-0.5074630991436532
11,1.7652893000611625,0.8705189532087179,-0.5074630991436532
12,1.4092833489138687,0.960743417281569,-0.5074630991436532
13,-1.1539594993466469,-1.2276099476853874,-0.5074630991436532
14,-1.4387642602644821,-1.4613733318741366,-0.5074630991436532
15,1.0532773977665748,-0.8535885329833889,-0.5074630991436532
16,-0.08594164590476543,-0.5574882463443068,-0.5074630991436532
17,-0.8691547384288119,1.8810329508246442,1.9705866331709745
18,0.8396738270781986,0.26847571112260593,-0.5074630991436532
19,-1.5099654504939408,-0.1039052587780673,-0.5074630991436532
20,-1.4387642602644821,1.4684610832915186,-0.5074630991436532
21,0.05646073455415211,-0.13999504440720792,-0.5074630991436532
22,-1.2251606895761058,0.11263345499677396,-0.5074630991436532
23,-1.5099654504939408,-0.21217461566548795,-0.5074630991436532
24,0.7684726368487398,-0.4172302158310573,-0.5074630991436532
25,0.5548690661603635,0.5334075465365219,-0.5074630991436532
26,-0.8691547384288119,0.31522838796035635,-0.5074630991436532
27,1.622886919602245,1.5201350945332417,-0.5074630991436532
28,1.4804845391433274,-0.7912516305330559,-0.5074630991436532
29,0.8396738270781986,1.4824048641027774,-0.5074630991436532
30,-0.513148787281518,-1.663968264837719,-0.5074630991436532
31,-1.0827583091171882,0.48665486969877264,-0.5074630991436532
32,-1.4387642602644821,-1.4703957782814217,1.9705866331709745
33,-0.5843499775109768,-0.027624575516475538,-0.5074630991436532
34,-0.5843499775109768,-0.6198251487946397,-0.5074630991436532
35,-1.5099654504939408,1.5020902017186717,-0.5074630991436532
36,-0.8691547384288119,0.408733741635856,-0.5074630991436532
37,-0.7979535481993532,-0.6042409231820566,-0.5074630991436532
38,0.27006430524252845,0.003543875708690629,-0.5074630991436532
39,-1.0827583091171882,0.8524740603941477,-0.5074630991436532
40,-0.8691547384288119,-0.0596132491423044,-0.5074630991436532
41,-1.0115571188877295,0.49157620410274533,-0.5074630991436532
42,-0.7979535481993532,-1.3366995269734703,-0.5074630991436532
43,-0.014740455675306659,-1.445789106261553,-0.5074630991436532
44,1.4092833489138687,-0.13671415480455887,1.9705866331709745
45,-1.5099654504939408,-0.744498953695306,-0.5074630991436532
46,0.9108750173076573,0.17497035744710687,-0.5074630991436532
47,-0.1571428361342242,0.034712326933857375,-0.5074630991436532
48,1.2668809684549511,0.548991772149105,-0.5074630991436532
49,-0.8691547384288119,0.49157620410274533,-0.5074630991436532
50,-0.3707464068226005,-1.3522837525860534,-0.5074630991436532
51,1.622886919602245,-0.6509936000198064,1.9705866331709745
52,-1.2251606895761058,0.17497035744710687,-0.5074630991436532
53,-1.2963618798055645,-0.699386721658881,-0.5074630991436532
54,1.7652893000611625,0.37756529041068987,-0.5074630991436532
55,0.6972714466192811,0.4399021928610222,-0.5074630991436532
56,0.7684726368487398,0.19055458305968995,1.9705866331709745
57,-0.9403559286582707,-0.12195015159263732,-0.5074630991436532
58,-0.22834402636368298,-0.7814089617251088,-0.5074630991436532
59,0.6260702563898223,-1.0241947923211423,1.9705866331709745
60,-1.0115571188877295,0.8139236075630208,-0.5074630991436532
61,-1.0827583091171882,-0.797813409738354,-0.5074630991436532
62,-0.1571428361342242,-0.13671415480455887,-0.5074630991436532
63,-0.44194759705205927,0.9230131868511036,-0.5074630991436532
64,-0.7267523579698943,1.087057666983559,-0.5074630991436532
65,-0.5843499775109768,-0.3393090877681413,-0.5074630991436532
66,1.0532773977665748,0.26847571112260593,-0.5074630991436532
67,1.7652893000611625,0.5276659897318865,1.9705866331709745
68,1.1244785879960337,0.34639683918552255,-0.5074630991436532
69,-0.5843499775109768,-0.7814089617251088,1.9705866331709745
70,-0.7267523579698943,0.17497035744710687,-0.5074630991436532
71,0.5548690661603635,0.978788310096139,1.9705866331709745
72,-1.0115571188877295,-0.9315096610463054,-0.5074630991436532
73,0.9108750173076573,0.5637557753610265,-0.5074630991436532
74,-0.29954521659314176,0.8524740603941477,-0.5074630991436532
75,-1.5099654504939408,2.025392093341204,-0.5074630991436532
76,0.6260702563898223,0.26847571112260593,-0.5074630991436532
77,1.622886919602245,0.17497035744710687,-0.5074630991436532
78,-0.7979535481993532,-0.7133305024701394,-0.5074630991436532
79,-1.1539594993466469,0.4489246392683072,-0.5074630991436532
80,0.12766192478361088,-0.3056799693409876,-0.5074630991436532
81,-1.0827583091171882,-1.1915201620562474,-0.5074630991436532
82,-0.22834402636368298,-0.510735569506557,-0.5074630991436532
83,-0.44194759705205927,-1.3990364294238031,-0.5074630991436532
84,1.4092833489138687,-0.4648031150694698,-0.5074630991436532
85,-0.1571428361342242,-2.1938319356655502,-0.5074630991436532
86,-0.3707464068226005,1.2035292478776025,-0.5074630991436532
87,-0.014740455675306659,-1.2120257220728043,-0.5074630991436532
88,0.6260702563898223,-0.2892755213277424,-0.5074630991436532
89,-1.0115571188877295,-1.1808572708476377,-0.5074630991436532
90,1.33808215868441,0.399711295228571,-0.5074630991436532
91,1.7652893000611625,1.1879450222650194,-0.5074630991436532
92,1.1956797782254924,1.123147452612699,-0.5074630991436532
93,1.33808215868441,-0.8962400978178275,-0.5074630991436532
94,-0.08594164590476543,-1.5655415767582457,-0.5074630991436532
95,-1.0115571188877295,-0.8076560785463017,-0.5074630991436532
96,-1.5099654504939408,-0.0858603659634973,-0.5074630991436532
97,0.4836678759309047,1.4372926320663513,-0.5074630991436532
98,1.4092833489138687,0.7442047035067277,-0.5074630991436532
99,-1.5099654504939408,0.11263345499677396,-0.5074630991436532
100,-0.513148787281518,-1.1505090420231336,-0.5074630991436532
101,0.12766192478361088,0.25207126310936134,-0.5074630991436532
102,0.6260702563898223,-0.5419040207317237,-0.5074630991436532
103,-1.0827583091171882,0.06588077815902413,1.9705866331709745
104,-0.08594164590476543,-0.43281444144364095,-0.5074630991436532
105,0.9820762075371161,-1.134104594009888,-0.5074630991436532
106,-0.08594164590476543,-0.502533345499934,-0.5074630991436532
107,-1.3675630700350232,0.8139236075630208,1.9705866331709745
108,0.12766192478361088,1.055889215758393,-0.5074630991436532
109,0.27006430524252845,-0.9159254354337224,-0.5074630991436532
110,0.27006430524252845,-0.08996147796680903,-0.5074630991436532
111,0.9820762075371161,0.08146500377160722,-0.5074630991436532
112,-1.2963618798055645,-0.806835856145639,-0.5074630991436532
113,0.27006430524252845,0.6424971258246046,-0.5074630991436532
114,-1.2251606895761058,-1.2276099476853874,-0.5074630991436532
115,0.12766192478361088,-1.102936142784721,-0.5074630991436532
116,-0.6555511677404355,-0.3745786509966192,1.9705866331709745
117,1.6940881098317038,0.25207126310936134,1.9705866331709745
118,-0.9403559286582707,0.5801602233742723,-0.5074630991436532
119,-1.0115571188877295,1.8810329508246442,-0.5074630991436532
120,-1.5099654504939408,-0.2458037340926416,-0.5074630991436532
121,-1.5099654504939408,-1.2587783989105543,-0.5074630991436532
122,0.41246668570144596,0.49813798330804454,-0.5074630991436532
123,-1.5099654504939408,1.014878095725279,-0.5074630991436532
124,-1.0115571188877295,-0.6509936000198064,-0.5074630991436532
125,-0.8691547384288119,-1.2226886132814136,-0.5074630991436532
126,0.41246668570144596,-1.6918558264602361,-0.5074630991436532
127,0.7684726368487398,-0.502533345499934,1.9705866331709745
128,1.622886919602245,0.2217230342848567,1.9705866331709745
129,1.622886919602245,-0.027624575516475538,-0.5074630991436532
130,0.12766192478361088,-0.37047753899330743,-0.5074630991436532
131,1.2668809684549511,1.5775506625796012,-0.5074630991436532
132,-0.6555511677404355,1.3757759520166803,1.9705866331709745
133,0.4836678759309047,-0.9626781122714716,-0.5074630991436532
134,-0.1571428361342242,0.5637557753610265,1.9705866331709745
135,-1.5099654504939408,0.6178904538047365,-0.5074630991436532
136,-1.1539594993466469,0.9853500893014371,1.9705866331709745
137,-0.513148787281518,0.7442047035067277,-0.5074630991436532
138,1.33808215868441,0.2840599367351902,-0.5074630991436532
139,-1.0115571188877295,-0.6354093744072233,-0.5074630991436532
140,-0.22834402636368298,0.7442047035067277,1.9705866331709745
141,-0.3707464068226005,0.4243179672484391,-0.5074630991436532
142,0.9820762075371161,0.11263345499677396,-0.5074630991436532
143,0.41246668570144596,-1.042239685135713,-0.5074630991436532
144,-1.3675630700350232,0.2840599367351902,-0.5074630991436532
145,1.4804845391433274,-0.3220844173542334,-0.5074630991436532
146,1.33808215868441,-0.5730724719568898,-0.5074630991436532
147,-0.3707464068226005,0.845092058788187,-0.5074630991436532
148,1.4804845391433274,-0.16788260602972505,-0.5074630991436532
149,-1.5099654504939408,-0.08996147796680903,-0.5074630991436532
150,-0.08594164590476543,1.0476869917517695,-0.5074630991436532
151,-1.1539594993466469,0.33409350317558906,-0.5074630991436532
152,-0.014740455675306659,0.5998455609901665,-0.5074630991436532
153,0.27006430524252845,-0.8847569842085556,1.9705866331709745
154,-0.9403559286582707,2.602828663407448,-0.5074630991436532
155,-1.5099654504939408,-0.8535885329833889,-0.5074630991436532
156,-1.4387642602644821,-1.648384039225136,-0.5074630991436532
157,1.5516857293727864,0.9385974124636867,1.9705866331709745
158,0.6972714466192811,-0.7912516305330559,-0.5074630991436532
159,-0.5843499775109768,0.33081261357293945,-0.5074630991436532
160,1.1244785879960337,0.4710706440861884,-0.5074630991436532
161,1.1244785879960337,0.2840599367351902,-0.5074630991436532
162,-1.1539594993466469,0.12083567900339627,1.9705866331709745
163,0.05646073455415211,-0.5353422415264256,-0.5074630991436532
164,-0.29954521659314176,-0.026804353115813424,-0.5074630991436532
165,0.7684726368487398,0.9082491836391833,-0.5074630991436532
166,-1.4387642602644821,-0.012040349903892454,-0.5074630991436532
167,-1.3675630700350232,0.07654366936763336,-0.5074630991436532
168,-0.9403559286582707,-2.2094161612781336,1.9705866331709745
169,-0.8691547384288119,-0.9700601138774324,1.9705866331709745
170,1.622886919602245,-0.12195015159263732,-0.5074630991436532
171,-1.0115571188877295,-0.7289147280827231,-0.5074630991436532
172,-1.0115571188877295,0.25699259751333403,-0.5074630991436532
173,0.41246668570144596,-0.5189377935131798,-0.5074630991436532
174,0.9108750173076573,0.4243179672484391,-0.5074630991436532
175,-1.5099654504939408,-1.4769575574867198,1.9705866331709745
176,-0.513148787281518,-0.4172302158310573,1.9705866331709745
177,-0.44194759705205927,1.3511692799968122,-0.5074630991436532
178,-1.3675630700350232,-1.3522837525860534,1.9705866331709745
179,-1.4387642602644821,-0.027624575516475538,-0.5074630991436532
180,0.05646073455415211,1.8088533795663628,-0.5074630991436532
181,-0.3707464068226005,0.5818006681755965,-0.5074630991436532
182,0.5548690661603635,-1.0405992403343882,-0.5074630991436532
183,-1.5099654504939408,-1.457272219870825,-0.5074630991436532
184,0.27006430524252845,-0.7600831793078892,-0.5074630991436532
185,0.3412654954719872,1.3593715040034358,1.9705866331709745
186,-1.2251606895761058,0.6424971258246046,-0.5074630991436532
187,-0.8691547384288119,0.2840599367351902,-0.5074630991436532
188,-1.4387642602644821,-1.3366995269734703,-0.5074630991436532
189,0.6260702563898223,0.43744152565903527,-0.5074630991436532
190,-0.7267523579698943,0.7983393819504377,-0.5074630991436532
191,1.33808215868441,-1.2948681845396943,-0.5074630991436532
192,1.7652893000611625,0.5145424313212892,1.9705866331709745
193,-0.6555511677404355,-1.2587783989105543,1.9705866331709745
194,0.6972714466192811,0.11263345499677396,-0.5074630991436532
195,0.27006430524252845,1.2133719166855503,1.9705866331709745
196,1.2668809684549511,0.5957444489868554,-0.5074630991436532
197,-0.7267523579698943,0.23730725989743978,-0.5074630991436532
198,0.8396738270781986,-0.1039052587780673,-0.5074630991436532
199,-1.1539594993466469,1.055889215758393,-0.5074630991436532
200,1.5516857293727864,-0.2613879597052247,1.9705866331709745
201,-0.513148787281518,-0.17608483003634792,-0.5074630991436532
202,1.5516857293727864,-1.414620655036387,-0.5074630991436532
203,-1.4387642602644821,-0.9946667858973005,-0.5074630991436532
204,-1.3675630700350232,-1.0241947923211423,1.9705866331709745
205,-0.9403559286582707,-1.38345220381122,-0.5074630991436532
206,1.0532773977665748,-0.9126445458310727,1.9705866331709745
207,-0.014740455675306659,1.8268982723809328,-0.5074630991436532
208,-1.0827583091171882,-1.1496888196224708,-0.5074630991436532
209,-1.1539594993466469,1.982740528506766,1.9705866331709745
210,-0.6555511677404355,0.03881343893716853,-0.5074630991436532
211,-0.22834402636368298,-0.7321956176853721,-0.5074630991436532
212,1.5516857293727864,-0.12195015159263732,1.9705866331709745
213,-1.4387642602644821,-0.043208801129059206,-0.5074630991436532
214,0.27006430524252845,-0.5419040207317237,-0.5074630991436532
215,-1.4387642602644821,-0.5574882463443068,-0.5074630991436532
216,0.6972714466192811,0.202857919069624,-0.5074630991436532
217,-0.9403559286582707,-1.7820802905330868,-0.5074630991436532
218,-0.3707464068226005,1.8810329508246442,-0.5074630991436532
219,-0.6555511677404355,0.14872324062591397,-0.5074630991436532
220,0.9820762075371161,0.564575997761688,1.9705866331709745
221,0.6260702563898223,-1.2899468501357205,-0.5074630991436532
222,-0.3707464068226005,-0.07437725235422538,1.9705866331709745
223,-1.2251606895761058,1.141192345427269,1.9705866331709745
224,-0.08594164590476543,-0.3926235438111892,-0.5074630991436532
225,0.12766192478361088,-0.16788260602972505,-0.5074630991436532
226,-1.4387642602644821,-0.4639828926688071,-0.5074630991436532
227,-0.8691547384288119,-1.0766890259635282,-0.5074630991436532
228,-1.4387642602644821,-0.012040349903892454,-0.5074630991436532
229,0.6260702563898223,0.9853500893014371,-0.5074630991436532
230,1.0532773977665748,0.5818006681755965,1.9705866331709745
231,1.2668809684549511,-1.1423068180165108,-0.5074630991436532
232,-1.4387642602644821,-0.9782623378840553,-0.5074630991436532
233,1.4092833489138687,-0.9782623378840553,-0.5074630991436532
234,-1.2963618798055645,0.829507833175604,-0.5074630991436532
235,0.41246668570144596,0.399711295228571,-0.5074630991436532
236,-0.7267523579698943,-0.27697218531780776,-0.5074630991436532
237,-1.1539594993466469,1.8449431651955028,-0.5074630991436532
238,-0.9403559286582707,-0.24826440129462854,-0.5074630991436532
239,-1.4387642602644821,1.0321027661391864,1.9705866331709745
240,-0.08594164590476543,-2.2717530637284664,-0.5074630991436532
241,-1.5099654504939408,-1.6196762552019561,-0.5074630991436532
242,-0.1571428361342242,1.050967881354419,1.9705866331709745
243,1.1244785879960337,0.3291721687716152,-0.5074630991436532
244,0.7684726368487398,0.5801602233742723,1.9705866331709745
245,1.33808215868441,-1.2079246100694927,-0.5074630991436532
246,-0.513148787281518,0.5178233209239388,-0.5074630991436532
247,-1.1539594993466469,-1.9600685514768013,-0.5074630991436532
248,-1.3675630700350232,-0.27697218531780776,-0.5074630991436532
249,0.7684726368487398,0.15364457502988782,-0.5074630991436532
250,-0.29954521659314176,-0.5845555855661618,-0.5074630991436532
251,-1.5099654504939408,0.20613880867227363,-0.5074630991436532
252,0.9108750173076573,0.019128101321274293,-0.5074630991436532
253,-0.08594164590476543,-0.4369155534469521,-0.5074630991436532
254,0.19886311501306964,-0.6173644815926533,-0.5074630991436532
255,-0.9403559286582707,-0.21463528286747488,-0.5074630991436532
256,-1.1539594993466469,-0.4172302158310573,-0.5074630991436532
257,-0.6555511677404355,1.1707203518511111,1.9705866331709745
258,-1.2963618798055645,0.09704922938419029,-0.5074630991436532
259,0.7684726368487398,-0.830622305764845,-0.5074630991436532
260,-1.5099654504939408,1.2314168095001203,-0.5074630991436532
261,0.19886311501306964,1.7489771443180175,-0.5074630991436532
262,1.1956797782254924,1.4660004160895317,-0.5074630991436532
263,-0.7979535481993532,1.055889215758393,-0.5074630991436532
264,-1.2963618798055645,-0.8142178577515998,1.9705866331709745
265,1.1244785879960337,1.2494617023146903,-0.5074630991436532
266,1.7652893000611625,1.3938208448312503,-0.5074630991436532
267,1.622886919602245,-0.9290489938443185,-0.5074630991436532
268,-1.5099654504939408,-0.4016459902184742,-0.5074630991436532
269,-0.014740455675306659,0.3504979511888337,-0.5074630991436532
270,0.9108750173076573,2.638918449036588,-0.5074630991436532
271,0.3412654954719872,-0.6977462768575563,-0.5074630991436532
272,-0.44194759705205927,-0.5263197951191406,-0.5074630991436532
273,-1.4387642602644821,-0.14163548920853214,-0.5074630991436532
274,-1.4387642602644821,0.2996441623477733,1.9705866331709745
275,1.5516857293727864,0.5334075465365219,-0.5074630991436532
276,0.12766192478361088,0.8885638460232879,-0.5074630991436532
277,1.622886919602245,1.3396861663875403,-0.5074630991436532
278,0.5548690661603635,0.8754402876126917,-0.5074630991436532
279,1.0532773977665748,-0.9938465634966384,-0.5074630991436532
280,1.6940881098317038,1.1543159038378665,1.9705866331709745
281,-1.2251606895761058,0.6785869114537446,-0.5074630991436532
282,0.41246668570144596,1.2502819247153518,-0.5074630991436532
283,-1.2963618798055645,0.058498776553063354,-0.5074630991436532
284,1.4092833489138687,0.2840599367351902,-0.5074630991436532
285,-1.2963618798055645,0.7983393819504377,-0.5074630991436532
286,-0.08594164590476543,-1.8353947465761347,-0.5074630991436532
287,-1.5099654504939408,1.561966436967018,-0.5074630991436532
288,1.33808215868441,1.3757759520166803,-0.5074630991436532
289,-0.1571428361342242,0.9066087388378579,-0.5074630991436532
290,1.2668809684549511,-2.022405453927134,-0.5074630991436532
291,0.6260702563898223,0.40135174002989527,1.9705866331709745
292,-0.22834402636368298,-0.12195015159263732,-0.5074630991436532
293,-1.2251606895761058,-0.043208801129059206,1.9705866331709745
294,-0.44194759705205927,-1.8977316490264682,1.9705866331709745
295,1.2668809684549511,1.5923146657915217,-0.5074630991436532
296,0.4836678759309047,-0.47956711828139076,-0.5074630991436532
297,-1.2251606895761058,3.595297768208803,1.9705866331709745
298,0.6260702563898223,0.07654366936763336,-0.5074630991436532
299,-0.7267523579698943,-0.7600831793078892,-0.5074630991436532
300,0.7684726368487398,2.3141103783743264,-0.5074630991436532
301,0.27006430524252845,-1.7279456120893768,1.9705866331709745
302,-0.7267523579698943,0.6129691194007627,1.9705866331709745
303,-0.7267523579698943,-0.4467582222548992,1.9705866331709745
304,0.7684726368487398,-0.5419040207317237,-0.5074630991436532
305,0.05646073455415211,0.34639683918552255,1.9705866331709745
306,-1.0115571188877295,-0.6337689296058986,-0.5074630991436532
307,-1.3675630700350232,-0.6272071504006005,1.9705866331709745
308,-1.0115571188877295,0.6269129002120215,-0.5074630991436532
309,-1.4387642602644821,0.6621824634405,1.9705866331709745
310,-0.7979535481993532,0.38330684721532526,-0.5074630991436532
311,0.9108750173076573,1.265866150327936,-0.5074630991436532
312,-1.5099654504939408,0.11263345499677396,-0.5074630991436532
313,0.7684726368487398,0.26847571112260593,1.9705866331709745
314,0.4836678759309047,2.1697512358577655,-0.5074630991436532
315,-1.0115571188877295,-1.0438801299370373,-0.5074630991436532
316,-1.2251606895761058,-1.7574736185132187,-0.5074630991436532
317,0.5548690661603635,-0.18346683164230812,-0.5074630991436532
318,0.6260702563898223,-0.5574882463443068,-0.5074630991436532
319,0.41246668570144596,0.845092058788187,-0.5074630991436532
320,1.2668809684549511,2.1385827846325993,-0.5074630991436532
321,-0.5843499775109768,-0.6632969360297405,-0.5074630991436532
322,-1.2251606895761058,-0.5845555855661618,-0.5074630991436532
323,-1.3675630700350232,0.184813026255054,-0.5074630991436532
324,-0.8691547384288119,0.09704922938419029,-0.5074630991436532
325,0.4836678759309047,-1.7730578441258018,-0.5074630991436532
326,-1.4387642602644821,0.40135174002989527,1.9705866331709745
327,1.4092833489138687,0.184813026255054,-0.5074630991436532
328,0.3412654954719872,1.2133719166855503,-0.5074630991436532
329,0.5548690661603635,-1.0766890259635282,-0.5074630991436532
330,1.33808215868441,0.6113286745994384,-0.5074630991436532
331,-1.3675630700350232,-0.15229838041714194,-0.5074630991436532
332,1.0532773977665748,0.48665486969877264,-0.5074630991436532
333,1.1244785879960337,-0.27697218531780776,-0.5074630991436532
334,-1.2251606895761058,-1.5392944599370526,-0.5074630991436532
335,-1.4387642602644821,-0.9003412098211386,-0.5074630991436532
336,0.5548690661603635,1.3577310592021103,1.9705866331709745
337,0.3412654954719872,-0.9290489938443185,-0.5074630991436532
338,0.41246668570144596,-0.49515134389397386,-0.5074630991436532
339,-1.0115571188877295,-1.3366995269734703,-0.5074630991436532
340,1.5516857293727864,-0.9159254354337224,-0.5074630991436532
341,-0.08594164590476543,0.05521788695041431,-0.5074630991436532
342,1.33808215868441,-0.2728710733144966,-0.5074630991436532
343,-1.4387642602644821,-0.2925564109303915,1.9705866331709745
344,-1.0115571188877295,-0.07601769715555018,1.9705866331709745
345,0.6972714466192811,-1.3211153013608872,-0.5074630991436532
346,0.19886311501306964,-0.9315096610463054,-0.5074630991436532
347,-1.5099654504939408,-1.2046437204668436,-0.5074630991436532
348,-0.5843499775109768,-0.7756674049204728,-0.5074630991436532
349,0.3412654954719872,-1.3990364294238031,-0.5074630991436532
350,-1.4387642602644821,0.23730725989743978,-0.5074630991436532
351,0.8396738270781986,-1.4933620054999655,-0.5074630991436532
352,-1.4387642602644821,-0.2892755213277424,-0.5074630991436532
353,-0.9403559286582707,-0.19412972285091792,-0.5074630991436532
354,-0.014740455675306659,0.7606091515199723,1.9705866331709745
355,0.27006430524252845,-1.2243290580827384,-0.5074630991436532
356,0.12766192478361088,1.0476869917517695,-0.5074630991436532
357,-0.513148787281518,1.7120671362882147,-0.5074630991436532
358,0.9820762075371161,-1.6016313623873861,1.9705866331709745
359,0.5548690661603635,-0.4016459902184742,-0.5074630991436532
360,0.3412654954719872,0.9541816380762698,-0.5074630991436532
361,-0.5843499775109768,-0.797813409738354,-0.5074630991436532
362,-0.014740455675306659,-0.7289147280827231,-0.5074630991436532
363,-1.3675630700350232,-0.08996147796680903,-0.5074630991436532
364,-1.2963618798055645,1.014878095725279,-0.5074630991436532
365,0.6972714466192811,-0.3220844173542334,-0.5074630991436532
366,0.4836678759309047,-1.1496888196224708,1.9705866331709745
367,-0.29954521659314176,-2.1003265819900507,-0.5074630991436532
368,0.3412654954719872,2.1697512358577655,1.9705866331709745
369,0.8396738270781986,-0.47956711828139076,-0.5074630991436532
370,0.12766192478361088,0.25207126310936134,-0.5074630991436532
371,-1.0827583091171882,-0.6665778256323895,-0.5074630991436532
372,-0.44194759705205927,2.0139089797319323,-0.5074630991436532
373,-1.4387642602644821,2.332155271188897,1.9705866331709745
374,-1.2963618798055645,-0.27697218531780776,-0.5074630991436532
375,-0.3707464068226005,-0.6009600335794075,-0.5074630991436532
376,0.7684726368487398,0.2528914855100229,-0.5074630991436532
377,0.41246668570144596,0.03881343893716853,-0.5074630991436532
378,-1.5099654504939408,1.5775506625796012,-0.5074630991436532
379,1.33808215868441,-0.05879302674164229,-0.5074630991436532
380,1.1244785879960337,-0.8691727585959725,-0.5074630991436532
381,-1.2251606895761058,0.8098224955597098,1.9705866331709745
382,1.4092833489138687,-0.8535885329833889,-0.5074630991436532
383,0.19886311501306964,0.9074289612385206,-0.5074630991436532
384,1.6940881098317038,0.399711295228571,-0.5074630991436532
385,1.6940881098317038,-0.9159254354337224,-0.5074630991436532
386,-1.5099654504939408,1.2314168095001203,1.9705866331709745
387,0.3412654954719872,1.0321027661391864,-0.5074630991436532
388,1.2668809684549511,0.1438019062219401,-0.5074630991436532
389,0.9820762075371161,1.2133719166855503,-0.5074630991436532
390,-0.6555511677404355,-0.8535885329833889,-0.5074630991436532
391,-1.2251606895761058,0.058498776553063354,1.9705866331709745
392,-0.513148787281518,1.069012774168989,-0.5074630991436532
393,-0.5843499775109768,-0.13999504440720792,1.9705866331709745
394,0.27006430524252845,0.7622495963212977,-0.5074630991436532
395,-0.22834402636368298,-0.15803993722177792,-0.5074630991436532
396,0.8396738270781986,0.43744152565903527,-0.5074630991436532
397,0.9820762075371161,1.4660004160895317,-0.5074630991436532
398,-0.08594164590476543,1.1592372382418392,-0.5074630991436532
399,-1.3675630700350232,-0.44839866705622405,-0.5074630991436532
400,-1.5099654504939408,1.7186289154935128,-0.5074630991436532
401,-1.4387642602644821,-0.012040349903892454,-0.5074630991436532
402,-1.0115571188877295,0.5457108825464565,-0.5074630991436532
403,-1.4387642602644821,-1.6508447064271223,-0.5074630991436532
404,1.1956797782254924,0.26847571112260593,-0.5074630991436532
405,-1.0115571188877295,-0.3393090877681413,-0.5074630991436532
406,0.41246668570144596,0.7606091515199723,-0.5074630991436532
407,0.7684726368487398,1.050967881354419,-0.5074630991436532
408,1.4092833489138687,-0.699386721658881,-0.5074630991436532
409,0.12766192478361088,0.37756529041068987,-0.5074630991436532
410,1.5516857293727864,0.14872324062591397,-0.5074630991436532
411,-1.5099654504939408,-0.9159254354337224,-0.5074630991436532
412,0.8396738270781986,0.1593861318345238,-0.5074630991436532
413,-0.7267523579698943,1.3396861663875403,-0.5074630991436532
414,0.3412654954719872,-0.49515134389397386,-0.5074630991436532
415,1.1956797782254924,0.8918447356259375,-0.5074630991436532
416,1.2668809684549511,-0.027624575516475538,-0.5074630991436532
417,-0.6555511677404355,-0.3237248621555576,1.9705866331709745
418,1.5516857293727864,2.1877961286723355,-0.5074630991436532
419,0.5548690661603635,0.26847571112260593,-0.5074630991436532
420,0.12766192478361088,-0.012040349903892454,-0.5074630991436532
421,0.6260702563898223,0.8606762844007702,-0.5074630991436532
422,-0.3707464068226005,-0.6977462768575563,-0.5074630991436532
423,0.6260702563898223,1.7333929187054333,-0.5074630991436532
424,0.05646073455415211,-0.8535885329833889,-0.5074630991436532
425,-0.22834402636368298,-0.7912516305330559,-0.5074630991436532
426,0.27006430524252845,-0.9782623378840553,1.9705866331709745
427,1.1244785879960337,1.055889215758393,-0.5074630991436532
428,0.9108750173076573,1.105102559798129,-0.5074630991436532
429,1.4092833489138687,-0.8535885329833889,-0.5074630991436532
430,0.6972714466192811,0.26847571112260593,-0.5074630991436532
431,-0.29954521659314176,-1.0717676915595549,-0.5074630991436532
432,-0.9403559286582707,-1.1423068180165108,-0.5074630991436532
433,-1.0115571188877295,-1.1094979219900198,-0.5074630991436532
434,-0.29954521659314176,-1.1808572708476377,-0.5074630991436532
435,-1.5099654504939408,-1.2431941732979706,-0.5074630991436532
436,-0.22834402636368298,-0.26630929410919857,-0.5074630991436532
437,-0.9403559286582707,1.561966436967018,-0.5074630991436532
438,-0.22834402636368298,-0.6198251487946397,-0.5074630991436532
439,1.33808215868441,0.9541816380762698,-0.5074630991436532
440,-0.6555511677404355,-0.48612889748668886,-0.5074630991436532
441,-0.7979535481993532,1.141192345427269,-0.5074630991436532
442,-1.5099654504939408,1.087057666983559,-0.5074630991436532
443,-0.9403559286582707,-1.6180358104006314,-0.5074630991436532
444,-0.5843499775109768,0.06588077815902413,-0.5074630991436532
445,-0.7267523579698943,-0.15229838041714194,-0.5074630991436532
446,-1.1539594993466469,-1.0561834659469713,-0.5074630991436532
447,-0.6555511677404355,0.7983393819504377,1.9705866331709745
448,1.622886919602245,-1.5196091223211585,-0.5074630991436532
449,0.8396738270781986,0.5801602233742723,-0.5074630991436532
450,1.1244785879960337,0.7442047035067277,1.9705866331709745
451,-1.5099654504939408,1.5742697729769517,-0.5074630991436532
452,1.33808215868441,0.37756529041068987,-0.5074630991436532
453,-1.5099654504939408,-0.6452520432151705,-0.5074630991436532
454,-0.513148787281518,0.022408990923923334,-0.5074630991436532
455,-1.5099654504939408,-0.5419040207317237,1.9705866331709745
456,0.7684726368487398,-0.5886566975694735,-0.5074630991436532
457,-0.29954521659314176,-0.744498953695306,-0.5074630991436532
458,1.5516857293727864,0.8606762844007702,-0.5074630991436532
459,0.9820762075371161,-1.5196091223211585,-0.5074630991436532
460,0.12766192478361088,0.019128101321274293,1.9705866331709745
461,1.7652893000611625,-0.9782623378840553,-0.5074630991436532
462,-0.1571428361342242,0.564575997761688,-0.5074630991436532
463,1.1956797782254924,-0.6665778256323895,-0.5074630991436532
464,0.05646073455415211,-1.385092648612545,1.9705866331709745
465,-1.5099654504939408,1.2494617023146903,-0.5074630991436532
466,0.41246668570144596,-1.087351917172138,-0.5074630991436532
467,-0.513148787281518,2.2238859143014755,-0.5074630991436532
468,-1.5099654504939408,0.07654366936763336,-0.5074630991436532
469,0.9108750173076573,-0.8798356498045817,1.9705866331709745
470,-1.4387642602644821,-0.10554570357939212,1.9705866331709745
471,1.1244785879960337,0.38330684721532526,-0.5074630991436532
472,-0.3707464068226005,0.3504979511888337,-0.5074630991436532
473,-0.1571428361342242,-1.305531075748304,-0.5074630991436532
474,0.9108750173076573,-0.5419040207317237,1.9705866331709745
475,0.9108750173076573,-1.0405992403343882,1.9705866331709745
476,0.4836678759309047,0.45548641847360527,-0.5074630991436532
477,0.05646073455415211,-1.7820802905330868,1.9705866331709745
478,-0.29954521659314176,0.9853500893014371,1.9705866331709745
479,-0.7979535481993532,-0.6813418288443105,-0.5074630991436532
480,0.6972714466192811,-0.7912516305330559,1.9705866331709745
481,0.6972714466192811,-0.5730724719568898,-0.5074630991436532
482,0.5548690661603635,-0.49515134389397386,1.9705866331709745
483,-1.3675630700350232,-0.43281444144364095,1.9705866331709745
484,1.4092833489138687,0.11263345499677396,-0.5074630991436532
485,0.6260702563898223,0.5965646713875169,-0.5074630991436532
486,-0.8691547384288119,-0.012040349903892454,-0.5074630991436532
487,1.4804845391433274,0.8762605100133544,-0.5074630991436532
488,1.1244785879960337,-0.6337689296058986,-0.5074630991436532
489,-1.5099654504939408,0.8139236075630208,-0.5074630991436532
490,1.0532773977665748,1.4660004160895317,-0.5074630991436532
491,0.9108750173076573,2.3026272647650545,-0.5074630991436532
492,-1.5099654504939408,-0.05879302674164229,-0.5074630991436532
493,-0.1571428361342242,-0.1908488332482689,-0.5074630991436532
494,0.9820762075371161,-1.3211153013608872,1.9705866331709745
495,-1.5099654504939408,-2.412011094241716,-0.5074630991436532
496,-1.0827583091171882,0.5457108825464565,-0.5074630991436532
497,0.6260702563898223,-0.44839866705622405,-0.5074630991436532
498,1.5516857293727864,0.4710706440861884,-0.5074630991436532
499,-0.44194759705205927,0.45548641847360527,-0.5074630991436532
500,-1.5099654504939408,-1.2226886132814136,-0.5074630991436532
501,0.9108750173076573,0.6269129002120215,1.9705866331709745
502,-1.3675630700350232,0.38330684721532526,-0.5074630991436532
503,0.6972714466192811,1.7727635939372228,-0.5074630991436532
504,-0.7979535481993532,-0.5189377935131798,-0.5074630991436532
505,-0.8691547384288119,-1.2407335060959837,-0.5074630991436532
506,-0.3707464068226005,2.007347200526634,-0.5074630991436532
507,0.9108750173076573,-0.699386721658881,-0.5074630991436532
508,1.7652893000611625,-0.08996147796680903,-0.5074630991436532
509,-0.513148787281518,0.408733741635856,-0.5074630991436532
510,1.5516857293727864,0.8524740603941477,1.9705866331709745
511,0.3412654954719872,-0.15229838041714194,-0.5074630991436532
512,1.1956797782254924,-0.3393090877681413,-0.5074630991436532
513,-1.1539594993466469,0.6129691194007627,-0.5074630991436532
514,0.8396738270781986,0.5334075465365219,-0.5074630991436532
515,-0.7267523579698943,-1.2743626245231374,1.9705866331709745
516,0.05646073455415211,0.9066087388378579,-0.5074630991436532
517,-1.2963618798055645,1.4479555232749617,-0.5074630991436532
518,-0.014740455675306659,0.5637557753610265,-0.5074630991436532
519,-0.8691547384288119,-2.0847423563774674,1.9705866331709745
520,0.19886311501306964,0.408733741635856,-0.5074630991436532
521,0.8396738270781986,-1.0250150147218051,-0.5074630991436532
522,0.41246668570144596,-0.9003412098211386,-0.5074630991436532
523,1.2668809684549511,1.2035292478776025,-0.5074630991436532
524,-0.5843499775109768,-1.4613733318741366,-0.5074630991436532
525,-1.4387642602644821,-2.1626634844403836,-0.5074630991436532
526,-1.2963618798055645,-1.2226886132814136,-0.5074630991436532
527,-0.8691547384288119,0.07654366936763336,1.9705866331709745
528,0.12766192478361088,-1.457272219870825,-0.5074630991436532
529,1.6940881098317038,0.1864534710563788,-0.5074630991436532
530,-0.7267523579698943,-0.7814089617251088,-0.5074630991436532
531,0.4836678759309047,0.6457780154272542,1.9705866331709745
532,-1.4387642602644821,0.36690239920207945,-0.5074630991436532
533,0.19886311501306964,-0.19412972285091792,-0.5074630991436532
534,0.3412654954719872,-1.445789106261553,-0.5074630991436532
535,1.33808215868441,0.8262269435729555,-0.5074630991436532
536,0.4836678759309047,-0.6632969360297405,-0.5074630991436532
537,-1.4387642602644821,-1.9789336666920332,-0.5074630991436532
538,-0.5843499775109768,-0.3548933133807244,-0.5074630991436532
539,1.0532773977665748,0.33081261357293945,-0.5074630991436532
540,0.12766192478361088,0.408733741635856,-0.5074630991436532
541,-1.1539594993466469,0.7442047035067277,-0.5074630991436532
542,-1.0827583091171882,-0.13671415480455887,1.9705866331709745
543,1.5516857293727864,2.089369440592862,-0.5074630991436532
544,1.33808215868441,3.0178611981425605,-0.5074630991436532
545,-1.2251606895761058,-0.30239907973833857,-0.5074630991436532
546,-0.7267523579698943,-0.17608483003634792,-0.5074630991436532
547,1.4804845391433274,-1.0061498995065723,-0.5074630991436532
548,-1.3675630700350232,1.6087191138047674,-0.5074630991436532
549,-0.7267523579698943,1.3577310592021103,-0.5074630991436532
550,-0.44194759705205927,-0.9938465634966384,-0.5074630991436532
551,1.5516857293727864,0.08146500377160722,-0.5074630991436532
552,-1.2251606895761058,-0.6272071504006005,-0.5074630991436532
553,0.6972714466192811,-1.5360135703344036,-0.5074630991436532
554,-1.5099654504939408,0.23894770469876403,-0.5074630991436532
555,-1.5099654504939408,-0.735476507288021,-0.5074630991436532
556,-0.014740455675306659,0.20613880867227363,-0.5074630991436532
557,-0.513148787281518,-0.1039052587780673,-0.5074630991436532
558,-1.4387642602644821,-1.0094307891092213,-0.5074630991436532
559,1.2668809684549511,-0.8076560785463017,-0.5074630991436532
560,0.8396738270781986,-0.8634312017913366,-0.5074630991436532
561,1.4092833489138687,1.0009343149140202,1.9705866331709745
562,0.9820762075371161,0.8918447356259375,-0.5074630991436532
563,0.19886311501306964,-0.753521400102591,1.9705866331709745
564,-1.5099654504939408,-0.9003412098211386,1.9705866331709745
565,1.622886919602245,-0.510735569506557,-0.5074630991436532
566,0.12766192478361088,-0.4287133294403292,-0.5074630991436532
567,-0.5843499775109768,-1.1587112660297558,-0.5074630991436532
568,-1.5099654504939408,1.3126188271656853,-0.5074630991436532
569,0.6972714466192811,-1.3366995269734703,-0.5074630991436532
570,1.622886919602245,1.2191134734901856,-0.5074630991436532
571,-0.3707464068226005,-0.4828480078840398,-0.5074630991436532
572,-1.4387642602644821,-0.806835856145639,-0.5074630991436532
573,-0.9403559286582707,-0.19905105725489178,-0.5074630991436532
574,1.0532773977665748,-0.24006217728800566,-0.5074630991436532
575,-0.5843499775109768,-0.25646662530125086,-0.5074630991436532
576,1.4804845391433274,-2.022405453927134,-0.5074630991436532
577,0.6260702563898223,-0.07601769715555018,-0.5074630991436532
578,0.05646073455415211,0.564575997761688,-0.5074630991436532
579,1.4092833489138687,-0.5189377935131798,-0.5074630991436532
580,1.7652893000611625,-1.2587783989105543,1.9705866331709745
581,1.2668809684549511,-1.2276099476853874,-0.5074630991436532
582,1.1956797782254924,-0.8224200817582227,-0.5074630991436532
583,-0.44194759705205927,-0.5845555855661618,1.9705866331709745
584,-1.1539594993466469,-1.1185203683973048,-0.5074630991436532
585,-1.4387642602644821,-1.1915201620562474,-0.5074630991436532
586,0.3412654954719872,0.2750374903279052,-0.5074630991436532
587,-1.5099654504939408,1.087057666983559,-0.5074630991436532
588,-0.29954521659314176,-0.48612889748668886,-0.5074630991436532
589,-1.5099654504939408,0.43744152565903527,-0.5074630991436532
590,-0.3707464068226005,-0.23021950848005795,-0.5074630991436532
591,-1.3675630700350232,-1.453991330268176,1.9705866331709745
592,0.6972714466192811,0.8524740603941477,-0.5074630991436532
593,-0.5843499775109768,-0.23021950848005795,-0.5074630991436532
594,-0.6555511677404355,-1.0717676915595549,-0.5074630991436532
595,1.6940881098317038,1.7727635939372228,-0.5074630991436532
596,-1.1539594993466469,1.4118657376458215,-0.5074630991436532
597,-1.2963618798055645,-0.797813409738354,-0.5074630991436532
598,-1.4387642602644821,-0.8380043073708058,-0.5074630991436532
599,-0.014740455675306659,-1.114419256393993,-0.5074630991436532
600,0.7684726368487398,-0.8798356498045817,-0.5074630991436532
601,-1.2251606895761058,1.4996295345166846,-0.5074630991436532
602,0.12766192478361088,0.47353131128817527,-0.5074630991436532
603,-0.44194759705205927,0.8344291675795777,-0.5074630991436532
604,0.27006430524252845,0.6129691194007627,-0.5074630991436532
605,0.5548690661603635,0.9066087388378579,1.9705866331709745
606,-1.0827583091171882,-0.07437725235422538,-0.5074630991436532
607,-1.4387642602644821,0.6129691194007627,-0.5074630991436532
608,0.9820762075371161,-0.6501733776191443,-0.5074630991436532
609,-0.1571428361342242,-1.1964414964602208,-0.5074630991436532
610,-0.08594164590476543,-0.4639828926688071,-0.5074630991436532
611,0.6260702563898223,-0.17444438523502312,-0.5074630991436532
612,0.5548690661603635,-0.8535885329833889,-0.5074630991436532
613,-0.8691547384288119,2.4994806409240007,-0.5074630991436532
614,-0.6555511677404355,0.28488015913585174,-0.5074630991436532
615,0.41246668570144596,0.184813026255054,-0.5074630991436532
616,-1.0827583091171882,0.33409350317558906,1.9705866331709745
617,-1.5099654504939408,-2.1938319356655502,1.9705866331709745
618,0.05646073455415211,0.7606091515199723,-0.5074630991436532
619,-0.5843499775109768,1.4479555232749617,-0.5074630991436532
620,-1.4387642602644821,-1.679552490450302,-0.5074630991436532
621,-1.2963618798055645,-1.445789106261553,1.9705866331709745
622,-0.7267523579698943,0.08146500377160722,-0.5074630991436532
623,-1.2963618798055645,-1.134104594009888,-0.5074630991436532
624,-0.7979535481993532,0.40135174002989527,-0.5074630991436532
625,-0.44194759705205927,-0.9626781122714716,1.9705866331709745
626,1.6940881098317038,0.49157620410274533,-0.5074630991436532
627,1.6940881098317038,0.7261598106921577,1.9705866331709745
628,1.5516857293727864,0.43744152565903527,-0.5074630991436532
629,1.622886919602245,0.13067834781134396,-0.5074630991436532
630,-1.3675630700350232,0.38330684721532526,-0.5074630991436532
631,-1.4387642602644821,-0.3860617646058911,1.9705866331709745
632,-0.44194759705205927,1.9351676292683542,-0.5074630991436532
633,-0.1571428361342242,2.602828663407448,-0.5074630991436532
634,-0.014740455675306659,2.422379735261747,-0.5074630991436532
635,-1.4387642602644821,0.7770135995332181,-0.5074630991436532
636,0.6972714466192811,-0.0596132491423044,-0.5074630991436532
637,1.4804845391433274,0.11263345499677396,1.9705866331709745
638,-1.4387642602644821,-0.2613879597052247,1.9705866331709745
639,-1.2963618798055645,0.6900700250630165,-0.5074630991436532
640,1.622886919602245,0.4161157432418168,-0.5074630991436532
641,-0.44194759705205927,0.8344291675795777,1.9705866331709745
642,-0.22834402636368298,-0.47956711828139076,-0.5074630991436532
643,-0.6555511677404355,-1.1496888196224708,1.9705866331709745
644,-0.9403559286582707,-0.16788260602972505,-0.5074630991436532
645,0.3412654954719872,1.055889215758393,-0.5074630991436532
646,0.41246668570144596,-1.1652730452350546,-0.5074630991436532
647,0.3412654954719872,1.4528768576789355,-0.5074630991436532
648,-1.0827583091171882,-0.1211299291919752,-0.5074630991436532
649,1.4092833489138687,-0.3081406365429745,-0.5074630991436532
650,1.0532773977665748,0.202857919069624,-0.5074630991436532
651,-0.9403559286582707,-0.3081406365429745,-0.5074630991436532
652,1.1244785879960337,-0.0858603659634973,-0.5074630991436532
653,1.5516857293727864,1.3839781760233039,-0.5074630991436532
654,-1.0115571188877295,-1.0717676915595549,1.9705866331709745
655,1.4092833489138687,-0.6509936000198064,-0.5074630991436532
656,-0.6555511677404355,-1.027475681923792,1.9705866331709745
657,-1.1539594993466469,-0.3565337581820492,1.9705866331709745
658,-0.22834402636368298,-0.2925564109303915,-0.5074630991436532
659,0.8396738270781986,0.5637557753610265,-0.5074630991436532
660,0.19886311501306964,1.5923146657915217,1.9705866331709745
661,1.0532773977665748,0.09458856218220336,-0.5074630991436532
662,0.4836678759309047,-0.2892755213277424,-0.5074630991436532
663,0.9820762075371161,-0.3384888653674786,-0.5074630991436532
664,0.27006430524252845,0.8163842747650077,-0.5074630991436532
665,0.12766192478361088,0.15364457502988782,-0.5074630991436532
666,-0.9403559286582707,-0.5574882463443068,-0.5074630991436532
667,-1.0827583091171882,-1.2226886132814136,-0.5074630991436532
668,-0.8691547384288119,-0.24826440129462854,1.9705866331709745
669,0.27006430524252845,0.829507833175604,-0.5074630991436532
670,0.9108750173076573,0.2528914855100229,-0.5074630991436532
671,-1.4387642602644821,-1.7000580504668592,-0.5074630991436532
672,-0.3707464068226005,0.49813798330804454,-0.5074630991436532
673,-1.4387642602644821,1.110023894202103,-0.5074630991436532
674,1.1956797782254924,0.6178904538047365,-0.5074630991436532
675,0.12766192478361088,0.39314951602327297,-0.5074630991436532
676,0.12766192478361088,-0.3860617646058911,-0.5074630991436532
677,-0.513148787281518,0.48665486969877264,1.9705866331709745
678,0.8396738270781986,-0.797813409738354,-0.5074630991436532
679,-1.2963618798055645,0.07162233496366009,-0.5074630991436532
680,1.0532773977665748,-0.10554570357939212,-0.5074630991436532
681,0.9820762075371161,-0.6977462768575563,-0.5074630991436532
682,-0.29954521659314176,0.05521788695041431,-0.5074630991436532
683,1.4804845391433274,0.7278002554934819,-0.5074630991436532
684,1.0532773977665748,-1.087351917172138,-0.5074630991436532
685,0.4836678759309047,0.26847571112260593,-0.5074630991436532
686,-0.44194759705205927,1.9253249604604064,-0.5074630991436532
687,-0.3707464068226005,-0.5189377935131798,-0.5074630991436532
688,-1.3675630700350232,0.13067834781134396,-0.5074630991436532
689,1.7652893000611625,1.032922988539849,1.9705866331709745
690,1.7652893000611625,-0.6977462768575563,-0.5074630991436532
691,1.0532773977665748,0.845092058788187,-0.5074630991436532
692,-0.22834402636368298,0.6178904538047365,-0.5074630991436532
693,-1.2963618798055645,0.48665486969877264,-0.5074630991436532
694,1.1956797782254924,-0.8798356498045817,-0.5074630991436532
695,-1.5099654504939408,1.2494617023146903,-0.5074630991436532
696,0.05646073455415211,-0.22365772927475988,-0.5074630991436532
697,0.6972714466192811,0.978788310096139,-0.5074630991436532
698,-1.5099654504939408,0.5637557753610265,-0.5074630991436532
699,-1.3675630700350232,0.43744152565903527,-0.5074630991436532
700,0.4836678759309047,-0.4287133294403292,-0.5074630991436532
701,-0.9403559286582707,-0.12195015159263732,-0.5074630991436532
702,-0.44194759705205927,-0.3926235438111892,-0.5074630991436532
703,0.9108750173076573,-1.2276099476853874,-0.5074630991436532
704,-1.5099654504939408,1.390539955228602,-0.5074630991436532
705,-0.7267523579698943,-1.445789106261553,1.9705866331709745
706,-1.4387642602644821,0.7360024795001043,-0.5074630991436532
707,-0.7979535481993532,-0.2925564109303915,-0.5074630991436532
708,-0.513148787281518,-0.4639828926688071,-0.5074630991436532
709,0.41246668570144596,-0.3220844173542334,-0.5074630991436532
710,-1.3675630700350232,0.7622495963212977,-0.5074630991436532
711,0.9820762075371161,1.7727635939372228,-0.5074630991436532
712,1.1244785879960337,1.6644942370498028,-0.5074630991436532
713,-1.1539594993466469,-0.3860617646058911,1.9705866331709745
714,-0.22834402636368298,1.8424824979935173,1.9705866331709745
715,-0.5843499775109768,-1.683653602453614,-0.5074630991436532
716,0.8396738270781986,1.2133719166855503,1.9705866331709745
717,-1.0827583091171882,-0.6354093744072233,-0.5074630991436532
718,0.5548690661603635,2.765232698738579,-0.5074630991436532
719,-0.22834402636368298,-0.10554570357939212,-0.5074630991436532
720,-0.513148787281518,0.13724012701664204,-0.5074630991436532
721,-0.44194759705205927,0.465329087281553,1.9705866331709745
722,0.9820762075371161,0.8590358395994458,-0.5074630991436532
723,0.7684726368487398,-0.08996147796680903,-0.5074630991436532
724,-0.29954521659314176,0.6785869114537446,-0.5074630991436532
725,-1.2963618798055645,-0.5419040207317237,-0.5074630991436532
726,1.7652893000611625,0.19055458305968995,-0.5074630991436532
727,-0.22834402636368298,-0.43281444144364095,1.9705866331709745
728,-1.2963618798055645,-2.2717530637284664,-0.5074630991436532
729,0.19886311501306964,0.09704922938419029,-0.5074630991436532
730,-1.5099654504939408,3.685522232281654,-0.5074630991436532
731,1.1244785879960337,-1.5032046743079126,-0.5074630991436532
732,0.8396738270781986,0.9853500893014371,-0.5074630991436532
733,-0.6555511677404355,-0.49515134389397386,-0.5074630991436532
734,-0.3707464068226005,-1.1652730452350546,-0.5074630991436532
735,1.0532773977665748,0.022408990923923334,-0.5074630991436532
736,-0.8691547384288119,-1.7418893929006352,1.9705866331709745
737,1.7652893000611625,1.2346976991027687,-0.5074630991436532
738,-1.1539594993466469,0.17497035744710687,1.9705866331709745
739,1.622886919602245,1.4003826240365496,-0.5074630991436532
740,0.3412654954719872,-0.5353422415264256,-0.5074630991436532
741,1.1244785879960337,-0.6042409231820566,-0.5074630991436532
742,0.5548690661603635,2.404334842447177,-0.5074630991436532
743,0.5548690661603635,0.9082491836391833,-0.5074630991436532
744,1.6940881098317038,-1.4769575574867198,-0.5074630991436532
745,-1.4387642602644821,-0.45332000146019785,1.9705866331709745
746,-0.29954521659314176,0.564575997761688,1.9705866331709745
747,0.9820762075371161,-1.0405992403343882,-0.5074630991436532
748,0.6260702563898223,0.12821768060935704,-0.5074630991436532
749,-1.0827583091171882,-0.3548933133807244,1.9705866331709745
750,-1.0115571188877295,-0.0596132491423044,-0.5074630991436532
751,-0.5843499775109768,0.034712326933857375,-0.5074630991436532
752,-0.9403559286582707,0.034712326933857375,-0.5074630991436532
753,0.4836678759309047,0.4399021928610222,-0.5074630991436532
754,0.9820762075371161,1.0165185405266033,1.9705866331709745
755,0.6972714466192811,0.03881343893716853,1.9705866331709745
756,-1.4387642602644821,0.6785869114537446,1.9705866331709745
757,1.33808215868441,0.8885638460232879,-0.5074630991436532
758,0.41246668570144596,0.9541816380762698,1.9705866331709745
759,1.4804845391433274,1.6825391298643728,1.9705866331709745
760,-1.5099654504939408,-0.08996147796680903,-0.5074630991436532
761,-0.9403559286582707,-0.5911173647714605,1.9705866331709745
762,-0.6555511677404355,0.12083567900339627,-0.5074630991436532
763,1.5516857293727864,-0.3860617646058911,1.9705866331709745
764,-0.3707464068226005,-0.6452520432151705,-0.5074630991436532
765,0.6972714466192811,-0.3237248621555576,-0.5074630991436532
766,-1.2251606895761058,-0.4287133294403292,-0.5074630991436532
767,0.4836678759309047,0.7983393819504377,1.9705866331709745
768,1.4804845391433274,1.2133719166855503,-0.5074630991436532
769,-0.014740455675306659,-0.7133305024701394,-0.5074630991436532
770,1.0532773977665748,-0.2925564109303915,-0.5074630991436532
771,-0.44194759705205927,-0.6509936000198064,-0.5074630991436532
772,0.6972714466192811,-0.13671415480455887,-0.5074630991436532
773,-1.0115571188877295,0.43744152565903527,1.9705866331709745
774,-0.22834402636368298,-0.3393090877681413,-0.5074630991436532
775,-1.4387642602644821,-0.7600831793078892,1.9705866331709745
776,0.6972714466192811,0.019128101321274293,-0.5074630991436532
777,-1.4387642602644821,-1.6016313623873861,-0.5074630991436532
778,-0.1571428361342242,1.2675065951292603,1.9705866331709745
779,1.6940881098317038,-1.2431941732979706,-0.5074630991436532
780,-0.22834402636368298,0.13724012701664204,-0.5074630991436532
781,0.9108750173076573,0.08802678297690529,-0.5074630991436532
782,-0.22834402636368298,-1.3227557461622115,1.9705866331709745
783,0.19886311501306964,0.8426313915862002,-0.5074630991436532
784,-1.2963618798055645,-2.1757870428509802,-0.5074630991436532
785,-1.2963618798055645,0.6457780154272542,-0.5074630991436532
786,-0.014740455675306659,-1.0561834659469713,-0.5074630991436532
787,-0.44194759705205927,-1.305531075748304,-0.5074630991436532
788,-1.3675630700350232,-0.3081406365429745,-0.5074630991436532
789,1.1956797782254924,-0.3860617646058911,-0.5074630991436532
790,0.4836678759309047,-0.502533345499934,-0.5074630991436532
791,-1.0115571188877295,2.440424628076317,1.9705866331709745
792,1.1956797782254924,0.5022390953113557,-0.5074630991436532
793,-1.3675630700350232,-0.012040349903892454,-0.5074630991436532
794,-0.44194759705205927,-0.06781547314892729,-0.5074630991436532
795,0.19886311501306964,-0.9938465634966384,1.9705866331709745
796,0.9820762075371161,-0.19412972285091792,-0.5074630991436532
797,-1.4387642602644821,-0.8380043073708058,-0.5074630991436532
798,1.1956797782254924,0.184813026255054,1.9705866331709745
799,0.12766192478361088,0.1593861318345238,-0.5074630991436532
800,0.8396738270781986,0.7048340282749381,1.9705866331709745
801,-1.1539594993466469,0.7048340282749381,-0.5074630991436532
802,1.1244785879960337,0.5276659897318865,-0.5074630991436532
803,-0.7979535481993532,1.2133719166855503,-0.5074630991436532
804,-1.1539594993466469,0.34721706158618526,1.9705866331709745
805,-1.5099654504939408,-0.043208801129059206,-0.5074630991436532
806,0.9108750173076573,2.801322484367719,-0.5074630991436532
807,0.9820762075371161,-0.027624575516475538,-0.5074630991436532
808,0.4836678759309047,-0.4828480078840398,-0.5074630991436532
809,1.6940881098317038,-0.6042409231820566,1.9705866331709745
810,0.9108750173076573,0.34639683918552255,-0.5074630991436532
811,1.7652893000611625,1.3757759520166803,-0.5074630991436532
812,1.1244785879960337,1.1567765710398534,-0.5074630991436532
813,0.4836678759309047,1.9171227364537842,1.9705866331709745
814,-0.513148787281518,2.602828663407448,-0.5074630991436532
815,0.27006430524252845,-0.6198251487946397,1.9705866331709745
816,1.2668809684549511,-1.7328669464933502,-0.5074630991436532
817,-0.7979535481993532,-0.7756674049204728,-0.5074630991436532
818,0.19886311501306964,0.5637557753610265,-0.5074630991436532
819,1.0532773977665748,0.202857919069624,-0.5074630991436532
820,0.6260702563898223,0.26847571112260593,-0.5074630991436532
821,-0.5843499775109768,1.2675065951292603,-0.5074630991436532
822,0.6972714466192811,1.9712574148974942,-0.5074630991436532
823,-1.4387642602644821,-1.3211153013608872,-0.5074630991436532
824,-0.1571428361342242,0.022408990923923334,-0.5074630991436532
825,1.1244785879960337,-0.026804353115813424,-0.5074630991436532
826,-0.9403559286582707,-0.10882659318204116,-0.5074630991436532
827,1.4092833489138687,-0.15803993722177792,-0.5074630991436532
828,-0.5843499775109768,1.2191134734901856,1.9705866331709745
829,0.4836678759309047,0.022408990923923334,-0.5074630991436532
830,-1.4387642602644821,-0.38770220940721534,1.9705866331709745
831,-1.4387642602644821,0.20613880867227363,1.9705866331709745
832,0.9108750173076573,1.301955935957076,-0.5074630991436532
833,0.9820762075371161,1.110023894202103,-0.5074630991436532
834,0.9820762075371161,0.9738669756921652,-0.5074630991436532
835,-1.0827583091171882,1.4479555232749617,-0.5074630991436532
836,-0.014740455675306659,-0.9470938866588885,1.9705866331709745
837,1.5516857293727864,0.26847571112260593,-0.5074630991436532
838,0.27006430524252845,-1.7418893929006352,1.9705866331709745
839,-0.8691547384288119,0.6785869114537446,-0.5074630991436532
840,-1.2251606895761058,-0.9003412098211386,-0.5074630991436532
841,-1.3675630700350232,1.43319152006304,1.9705866331709745
842,-0.1571428361342242,-0.47956711828139076,-0.5074630991436532
843,0.8396738270781986,-1.2226886132814136,1.9705866331709745
844,0.6972714466192811,-1.1185203683973048,1.9705866331709745
845,-0.1571428361342242,0.5801602233742723,1.9705866331709745
846,-1.0827583091171882,-0.22365772927475988,-0.5074630991436532
847,0.9108750173076573,-0.9520152210628624,-0.5074630991436532
848,1.2668809684549511,-1.38345220381122,-0.5074630991436532
849,0.12766192478361088,0.5818006681755965,-0.5074630991436532
850,-0.5843499775109768,0.9246536316524279,1.9705866331709745
851,0.3412654954719872,-1.710720941675469,1.9705866331709745
852,0.5548690661603635,-1.1587112660297558,-0.5074630991436532
853,0.27006430524252845,-0.46972444947344305,1.9705866331709745
854,0.5548690661603635,-0.13671415480455887,-0.5074630991436532
855,-0.44194759705205927,0.7515867051126873,-0.5074630991436532
856,-0.7267523579698943,-1.3366995269734703,-0.5074630991436532
857,0.19886311501306964,-1.1964414964602208,1.9705866331709745
858,-0.08594164590476543,1.6243033394173505,-0.5074630991436532
859,1.6940881098317038,0.9246536316524279,-0.5074630991436532
860,1.6940881098317038,1.0009343149140202,-0.5074630991436532
861,-0.7267523579698943,0.4399021928610222,-0.5074630991436532
862,-1.5099654504939408,0.408733741635856,-0.5074630991436532
863,-0.513148787281518,-0.2925564109303915,-0.5074630991436532
864,0.05646073455415211,-0.4172302158310573,1.9705866331709745
865,-0.513148787281518,-0.15229838041714194,-0.5074630991436532
866,0.12766192478361088,-1.4613733318741366,-0.5074630991436532
867,1.33808215868441,-0.9003412098211386,-0.5074630991436532
868,1.33808215868441,0.19055458305968995,-0.5074630991436532
869,0.8396738270781986,-1.6508447064271223,-0.5074630991436532
870,-0.6555511677404355,2.043436986155774,-0.5074630991436532
871,1.6940881098317038,0.7442047035067277,-0.5074630991436532
872,0.5548690661603635,0.4399021928610222,-0.5074630991436532
873,-0.7979535481993532,-1.0405992403343882,-0.5074630991436532
874,-0.7267523579698943,-0.830622305764845,-0.5074630991436532
875,-0.7979535481993532,0.166768133440484,1.9705866331709745
876,1.7652893000611625,-1.132464149208563,1.9705866331709745
877,0.5548690661603635,0.21926236708286978,-0.5074630991436532
878,0.05646073455415211,0.26847571112260593,-0.5074630991436532
879,0.3412654954719872,-0.797813409738354,-0.5074630991436532
880,-1.1539594993466469,3.234399911917402,-0.5074630991436532
881,-0.08594164590476543,-0.28435418692376857,-0.5074630991436532
882,1.7652893000611625,1.6103595586060917,-0.5074630991436532
883,-1.2251606895761058,1.050967881354419,1.9705866331709745
884,0.8396738270781986,1.6398875650299336,-0.5074630991436532
885,0.6972714466192811,1.014878095725279,-0.5074630991436532
886,-1.4387642602644821,-0.9938465634966384,-0.5074630991436532
887,1.1956797782254924,1.5020902017186717,-0.5074630991436532
888,-1.5099654504939408,-0.3548933133807244,-0.5074630991436532
889,0.6972714466192811,-1.2276099476853874,-0.5074630991436532
890,1.6940881098317038,0.022408990923923334,-0.5074630991436532
891,1.622886919602245,0.33081261357293945,-0.5074630991436532
892,-0.44194759705205927,-0.20725328126151468,-0.5074630991436532
893,1.1956797782254924,0.8426313915862002,-0.5074630991436532
894,-0.513148787281518,-0.14163548920853214,-0.5074630991436532
895,1.4804845391433274,-0.8076560785463017,-0.5074630991436532
896,-0.3707464068226005,1.09443966858952,-0.5074630991436532
897,-0.7979535481993532,-1.0438801299370373,-0.5074630991436532
898,-0.29954521659314176,1.301955935957076,-0.5074630991436532
899,-1.3675630700350232,-0.17444438523502312,-0.5074630991436532
900,1.1244785879960337,0.7515867051126873,-0.5074630991436532
901,-1.2251606895761058,-0.2925564109303915,-0.5074630991436532
902,-1.1539594993466469,-0.4369155534469521,-0.5074630991436532
903,-0.29954521659314176,-0.2892755213277424,-0.5074630991436532
904,1.4804845391433274,1.0321027661391864,-0.5074630991436532
905,0.27006430524252845,-0.09242214516879538,-0.5074630991436532
906,0.19886311501306964,1.069012774168989,-0.5074630991436532
907,-0.44194759705205927,0.7983393819504377,1.9705866331709745
908,-0.7979535481993532,-0.23021950848005795,-0.5074630991436532
909,-1.2963618798055645,-1.710720941675469,-0.5074630991436532
910,0.7684726368487398,2.530649092149168,-0.5074630991436532
911,-0.22834402636368298,-0.12195015159263732,-0.5074630991436532
912,1.1244785879960337,-0.13671415480455887,-0.5074630991436532
913,1.0532773977665748,0.15364457502988782,-0.5074630991436532
914,1.1956797782254924,-0.7756674049204728,-0.5074630991436532
915,0.41246668570144596,-0.8142178577515998,-0.5074630991436532
916,0.41246668570144596,0.9246536316524279,-0.5074630991436532
917,1.622886919602245,1.0165185405266033,-0.5074630991436532
918,0.05646073455415211,-1.1964414964602208,-0.5074630991436532
919,0.4836678759309047,0.5022390953113557,-0.5074630991436532
920,1.7652893000611625,-0.6198251487946397,1.9705866331709745
921,-0.8691547384288119,0.3291721687716152,-0.5074630991436532
922,0.19886311501306964,-0.735476507288021,-0.5074630991436532
923,1.0532773977665748,1.6243033394173505,1.9705866331709745
924,0.4836678759309047,-0.797813409738354,-0.5074630991436532
925,-1.0827583091171882,-0.09242214516879538,-0.5074630991436532
926,1.4804845391433274,-0.2892755213277424,-0.5074630991436532
927,-0.7979535481993532,-1.1185203683973048,-0.5074630991436532
928,0.8396738270781986,2.007347200526634,1.9705866331709745
929,0.41246668570144596,-0.027624575516475538,1.9705866331709745
930,1.4092833489138687,1.105102559798129,-0.5074630991436532
931,-1.4387642602644821,-1.634440258413877,-0.5074630991436532
932,0.8396738270781986,1.1592372382418392,-0.5074630991436532
933,0.19886311501306964,-0.6665778256323895,1.9705866331709745
934,-0.1571428361342242,-0.699386721658881,1.9705866331709745
935,1.2668809684549511,-0.42051110543370634,-0.5074630991436532
936,-0.6555511677404355,-0.37047753899330743,-0.5074630991436532
937,-1.1539594993466469,-1.0094307891092213,-0.5074630991436532
938,1.33808215868441,1.2035292478776025,-0.5074630991436532
939,-0.8691547384288119,-0.9003412098211386,-0.5074630991436532
940,-0.1571428361342242,-0.16788260602972505,-0.5074630991436532
941,-1.4387642602644821,-0.37129776139397014,-0.5074630991436532
942,-0.29954521659314176,-0.43281444144364095,1.9705866331709745
943,0.6972714466192811,-0.830622305764845,1.9705866331709745
944,-0.08594164590476543,1.2675065951292603,1.9705866331709745
945,0.9108750173076573,0.990271423705411,-0.5074630991436532
946,1.6940881098317038,1.7489771443180175,-0.5074630991436532
947,0.3412654954719872,-1.096374363579423,-0.5074630991436532
948,0.9108750173076573,1.8268982723809328,1.9705866331709745
949,-0.29954521659314176,0.6736655770497719,-0.5074630991436532
950,-1.0115571188877295,-0.7912516305330559,-0.5074630991436532
951,1.4804845391433274,-0.026804353115813424,-0.5074630991436532
952,-0.1571428361342242,0.022408990923923334,-0.5074630991436532
953,-0.1571428361342242,2.7783562571491753,1.9705866331709745
954,1.0532773977665748,-0.49515134389397386,-0.5074630991436532
955,0.3412654954719872,-0.8691727585959725,-0.5074630991436532
956,-1.5099654504939408,0.7442047035067277,-0.5074630991436532
957,-1.0827583091171882,-0.4828480078840398,-0.5074630991436532
958,-0.29954521659314176,-0.5008929006986098,-0.5074630991436532
959,1.2668809684549511,0.19055458305968995,-0.5074630991436532
960,-0.513148787281518,-0.28435418692376857,1.9705866331709745
961,0.4836678759309047,0.45548641847360527,-0.5074630991436532
962,-0.9403559286582707,0.5334075465365219,-0.5074630991436532
963,-0.7979535481993532,-1.096374363579423,1.9705866331709745
964,-0.014740455675306659,-0.38770220940721534,1.9705866331709745
965,1.2668809684549511,-0.3220844173542334,-0.5074630991436532
966,-1.0827583091171882,-0.502533345499934,-0.5074630991436532
967,0.9820762075371161,0.4243179672484391,-0.5074630991436532
968,0.4836678759309047,-0.027624575516475538,1.9705866331709745
969,0.5548690661603635,-0.14163548920853214,1.9705866331709745
970,-1.5099654504939408,1.8990778436392142,1.9705866331709745
971,-1.0827583091171882,-0.8847569842085556,-0.5074630991436532
972,0.6260702563898223,0.969765863688854,-0.5074630991436532
973,-0.08594164590476543,-0.4639828926688071,-0.5074630991436532
974,-1.1539594993466469,-0.6813418288443105,-0.5074630991436532
975,-1.4387642602644821,0.19055458305968995,-0.5074630991436532
976,-0.6555511677404355,1.3396861663875403,-0.5074630991436532
977,-0.44194759705205927,1.5020902017186717,-0.5074630991436532
978,-0.08594164590476543,0.6621824634405,-0.5074630991436532
979,-0.7267523579698943,0.23730725989743978,-0.5074630991436532
980,-1.4387642602644821,0.5637557753610265,-0.5074630991436532
981,-0.014740455675306659,0.5637557753610265,-0.5074630991436532
982,1.622886919602245,0.23730725989743978,-0.5074630991436532
983,0.41246668570144596,-0.3384888653674786,-0.5074630991436532
984,-0.7979535481993532,0.4489246392683072,-0.5074630991436532
985,1.622886919602245,0.37756529041068987,-0.5074630991436532
986,0.19886311501306964,-0.2728710733144966,-0.5074630991436532
987,-1.4387642602644821,-2.110169250797998,-0.5074630991436532
988,0.6260702563898223,0.019128101321274293,-0.5074630991436532
989,1.6940881098317038,-0.3860617646058911,-0.5074630991436532
990,0.6260702563898223,-0.7896111857317312,1.9705866331709745
991,-1.4387642602644821,0.6949913594669904,1.9705866331709745
992,1.6940881098317038,-1.4769575574867198,-0.5074630991436532
993,0.05646073455415211,-0.12523104119528694,-0.5074630991436532
994,1.622886919602245,-0.10554570357939212,-0.5074630991436532
995,-0.014740455675306659,-2.02814701073177,1.9705866331709745
996,1.7652893000611625,1.4217084064537682,-0.5074630991436532
997,-0.8691547384288119,-0.043208801129059206,-0.5074630991436532
998,-0.29954521659314176,1.4840453089041017,-0.5074630991436532
999,0.6972714466192811,-0.5845555855661618,-0.5074630991436532
1000,-0.29954521659314176,-1.0241947923211423,1.9705866331709745
1001,-0.29954521659314176,0.5818006681755965,-0.5074630991436532
1002,0.5548690661603635,-0.8617907569900117,1.9705866331709745
1003,1.33808215868441,0.220902811884194,-0.5074630991436532
1004,-1.4387642602644821,0.969765863688854,-0.5074630991436532
1005,1.0532773977665748,2.630716225029966,-0.5074630991436532
1006,-1.0115571188877295,-0.15803993722177792,1.9705866331709745
1007,-1.5099654504939408,-1.5081260087118864,-0.5074630991436532
1008,-0.9403559286582707,-2.131495033215217,-0.5074630991436532
1009,-1.5099654504939408,0.49157620410274533,-0.5074630991436532
1010,-0.1571428361342242,-1.0405992403343882,-0.5074630991436532
1011,-1.5099654504939408,0.4710706440861884,1.9705866331709745
1012,-1.0827583091171882,-0.3548933133807244,-0.5074630991436532
1013,1.0532773977665748,-1.2571379541092293,-0.5074630991436532
1014,-0.22834402636368298,0.034712326933857375,-0.5074630991436532
1015,1.33808215868441,-0.4016459902184742,-0.5074630991436532
1016,-0.7267523579698943,-1.4613733318741366,1.9705866331709745
1017,0.7684726368487398,2.310009266371014,-0.5074630991436532
1018,0.5548690661603635,0.8885638460232879,1.9705866331709745
1019,-0.014740455675306659,-0.1211299291919752,1.9705866331709745
1020,-0.014740455675306659,-1.0094307891092213,-0.5074630991436532
1021,0.5548690661603635,-0.4016459902184742,1.9705866331709745
1022,0.41246668570144596,1.5307979857418508,-0.5074630991436532
1023,0.05646073455415211,-0.7133305024701394,-0.5074630991436532
1024,-0.1571428361342242,-0.43281444144364095,-0.5074630991436532
1025,0.9820762075371161,-0.6665778256323895,-0.5074630991436532
1026,1.0532773977665748,-1.5835864695728157,-0.5074630991436532
1027,0.6972714466192811,0.6736655770497719,-0.5074630991436532
1028,-0.29954521659314176,0.845092058788187,-0.5074630991436532
1029,1.1244785879960337,-0.15803993722177792,-0.5074630991436532
1030,-1.3675630700350232,1.039484767745147,-0.5074630991436532
1031,-1.2251606895761058,-0.043208801129059206,-0.5074630991436532
1032,-0.29954521659314176,-0.47956711828139076,1.9705866331709745
1033,-1.0115571188877295,-0.510735569506557,-0.5074630991436532
1034,-0.5843499775109768,0.978788310096139,-0.5074630991436532
1035,0.5548690661603635,-1.8198105209635516,-0.5074630991436532
1036,-1.5099654504939408,0.5276659897318865,-0.5074630991436532
1037,1.6940881098317038,-0.7289147280827231,-0.5074630991436532
1038,-1.5099654504939408,-1.078329470764853,-0.5074630991436532
1039,-1.5099654504939408,-1.134104594009888,-0.5074630991436532
1040,0.7684726368487398,0.050296552546440464,-0.5074630991436532
1041,1.622886919602245,1.3938208448312503,-0.5074630991436532
1042,0.12766192478361088,0.058498776553063354,-0.5074630991436532
1043,0.12766192478361088,0.3176890551623433,-0.5074630991436532
1044,1.2668809684549511,-0.27697218531780776,1.9705866331709745
1045,1.0532773977665748,0.022408990923923334,1.9705866331709745
1046,1.4092833489138687,-0.4828480078840398,-0.5074630991436532
1047,-0.7979535481993532,0.5178233209239388,-0.5074630991436532
1048,-1.4387642602644821,-0.37129776139397014,-0.5074630991436532
1049,0.7684726368487398,0.23730725989743978,-0.5074630991436532
1050,0.9108750173076573,-1.0717676915595549,1.9705866331709745
1051,0.9820762075371161,0.26847571112260593,-0.5074630991436532
1052,1.2668809684549511,-0.13999504440720792,1.9705866331709745
1053,1.2668809684549511,0.48665486969877264,-0.5074630991436532
1054,0.27006430524252845,0.3176890551623433,-0.5074630991436532
1055,0.8396738270781986,1.039484767745147,-0.5074630991436532
1056,-1.2251606895761058,0.8754402876126917,-0.5074630991436532
1057,-0.7979535481993532,0.034712326933857375,-0.5074630991436532
1058,0.5548690661603635,-1.8821474234138846,-0.5074630991436532
1059,1.2668809684549511,1.686640241867684,-0.5074630991436532
1060,1.33808215868441,-0.3393090877681413,-0.5074630991436532
1061,-0.014740455675306659,-0.17444438523502312,-0.5074630991436532
1062,1.4092833489138687,-1.1496888196224708,1.9705866331709745
1063,-0.7979535481993532,-0.797813409738354,-0.5074630991436532
1064,-1.4387642602644821,-0.48612889748668886,1.9705866331709745
1065,1.7652893000611625,0.10443123099015107,1.9705866331709745
1066,0.9108750173076573,0.4325201912550614,-0.5074630991436532
1067,-0.29954521659314176,1.2191134734901856,-0.5074630991436532
1068,0.4836678759309047,2.855457162811429,-0.5074630991436532
1069,0.3412654954719872,1.2133719166855503,1.9705866331709745
1070,1.1956797782254924,-0.6509936000198064,1.9705866331709745
1071,0.05646073455415211,-0.21463528286747488,-0.5074630991436532
1072,0.5548690661603635,-0.6665778256323895,-0.5074630991436532
1073,0.05646073455415211,1.7645613699306006,-0.5074630991436532
1074,0.27006430524252845,0.3111272759570452,1.9705866331709745
1075,1.4092833489138687,0.6785869114537446,-0.5074630991436532
1076,-1.4387642602644821,-0.3384888653674786,-0.5074630991436532
1077,-0.1571428361342242,-0.14163548920853214,-0.5074630991436532
1078,-0.6555511677404355,0.43744152565903527,-0.5074630991436532
1079,1.5516857293727864,0.8918447356259375,-0.5074630991436532
1080,1.622886919602245,-0.717431614473451,1.9705866331709745
1081,0.19886311501306964,-0.9520152210628624,-0.5074630991436532
1082,-0.014740455675306659,1.967156302894183,-0.5074630991436532
1083,1.2668809684549511,0.08146500377160722,1.9705866331709745
1084,-0.29954521659314176,0.5998455609901665,-0.5074630991436532
1085,-1.0827583091171882,0.220902811884194,-0.5074630991436532
1086,0.19886311501306964,0.3619810647981056,-0.5074630991436532
1087,-0.08594164590476543,-1.7574736185132187,-0.5074630991436532
1088,0.19886311501306964,-0.8798356498045817,-0.5074630991436532
1089,0.8396738270781986,0.8705189532087179,-0.5074630991436532
1090,-0.8691547384288119,-0.026804353115813424,-0.5074630991436532
1091,0.05646073455415211,1.7333929187054333,-0.5074630991436532
1092,1.1956797782254924,1.8449431651955028,-0.5074630991436532
1093,-0.7267523579698943,0.793418047546464,1.9705866331709745
1094,0.12766192478361088,1.5742697729769517,-0.5074630991436532
1095,0.3412654954719872,0.11263345499677396,1.9705866331709745
1096,1.4092833489138687,0.23566681509611556,-0.5074630991436532
1097,-0.014740455675306659,0.3012846071490975,-0.5074630991436532
1098,1.1956797782254924,-1.7574736185132187,1.9705866331709745
1099,-1.0827583091171882,1.5562248801623817,1.9705866331709745
1100,1.4092833489138687,-0.6821620512449732,-0.5074630991436532
1101,-0.3707464068226005,0.20613880867227363,1.9705866331709745
1102,0.19886311501306964,1.1871247998643568,-0.5074630991436532
1103,-0.7979535481993532,-1.1259023700032649,-0.5074630991436532
1104,1.5516857293727864,-1.5704629111622195,-0.5074630991436532
1105,-0.29954521659314176,2.0795267717849155,-0.5074630991436532
1106,0.6260702563898223,0.25699259751333403,-0.5074630991436532
1107,0.41246668570144596,-1.2743626245231374,1.9705866331709745
1108,0.3412654954719872,0.2217230342848567,-0.5074630991436532
1109,-1.4387642602644821,1.6136404482087412,-0.5074630991436532
1110,0.7684726368487398,-0.8691727585959725,-0.5074630991436532
1111,-1.0827583091171882,-1.0561834659469713,-0.5074630991436532
1112,1.1956797782254924,0.48665486969877264,1.9705866331709745
1113,0.05646073455415211,-0.9339703282482924,-0.5074630991436532
1114,-0.6555511677404355,-1.7574736185132187,-0.5074630991436532
1115,-0.8691547384288119,-1.9289001002516344,-0.5074630991436532
1116,0.4836678759309047,-1.7574736185132187,-0.5074630991436532
1117,-0.9403559286582707,0.36690239920207945,1.9705866331709745
1118,-0.513148787281518,-0.9946667858973005,1.9705866331709745
1119,1.33808215868441,0.45548641847360527,-0.5074630991436532
1120,-1.4387642602644821,-0.502533345499934,-0.5074630991436532
1121,-0.3707464068226005,-0.4639828926688071,1.9705866331709745
1122,-1.4387642602644821,-1.7820802905330868,-0.5074630991436532
1123,-0.7267523579698943,-0.9946667858973005,-0.5074630991436532
1124,-1.5099654504939408,-0.5550275791423198,1.9705866331709745
1125,1.5516857293727864,-1.1496888196224708,-0.5074630991436532
1126,-1.2251606895761058,-1.710720941675469,-0.5074630991436532
1127,-0.22834402636368298,-1.3990364294238031,-0.5074630991436532
1128,-1.0115571188877295,-1.6180358104006314,-0.5074630991436532
1129,1.6940881098317038,0.12821768060935704,-0.5074630991436532
1130,0.9108750173076573,1.0009343149140202,-0.5074630991436532
1131,0.12766192478361088,0.5801602233742723,-0.5074630991436532
1132,-0.7267523579698943,-0.5681511375529166,-0.5074630991436532
1133,-0.8691547384288119,0.8885638460232879,1.9705866331709745
1134,-0.1571428361342242,0.6785869114537446,1.9705866331709745
1135,0.05646073455415211,-1.305531075748304,-0.5074630991436532
1136,1.6940881098317038,1.498809312116022,-0.5074630991436532
1137,-0.08594164590476543,0.6785869114537446,-0.5074630991436532
1138,1.7652893000611625,-0.830622305764845,-0.5074630991436532
1139,0.9820762075371161,-0.9626781122714716,-0.5074630991436532
1140,0.6972714466192811,-0.1211299291919752,-0.5074630991436532
1141,-1.4387642602644821,0.399711295228571,-0.5074630991436532
1142,0.9820762075371161,-0.2925564109303915,-0.5074630991436532
1143,-0.014740455675306659,0.2750374903279052,-0.5074630991436532
1144,-0.7267523579698943,-0.16788260602972505,-0.5074630991436532
1145,-1.5099654504939408,0.166768133440484,1.9705866331709745
1146,-0.08594164590476543,1.5562248801623817,-0.5074630991436532
1147,-1.2251606895761058,1.4495959680762858,-0.5074630991436532
1148,0.41246668570144596,-0.04977058033435728,1.9705866331709745
1149,0.6260702563898223,1.087057666983559,-0.5074630991436532
1150,-0.9403559286582707,-1.3211153013608872,-0.5074630991436532
1151,1.7652893000611625,0.6293735674140084,-0.5074630991436532
1152,0.7684726368487398,-0.5263197951191406,-0.5074630991436532
1153,-0.014740455675306659,-1.2899468501357205,-0.5074630991436532
1154,-1.2963618798055645,-0.7600831793078892,-0.5074630991436532
1155,-0.08594164590476543,-1.7574736185132187,-0.5074630991436532
1156,-0.513148787281518,-2.1159108076026336,1.9705866331709745
1157,-1.2963618798055645,-1.3719690902019481,-0.5074630991436532
1158,-1.1539594993466469,-2.1782477100529665,-0.5074630991436532
1159,-0.22834402636368298,0.4489246392683072,1.9705866331709745
1160,-1.2963618798055645,-1.3990364294238031,-0.5074630991436532
1161,1.1956797782254924,0.23730725989743978,-0.5074630991436532
1162,0.41246668570144596,-1.5237102343244695,-0.5074630991436532
1163,0.6260702563898223,-0.15803993722177792,-0.5074630991436532
1164,1.6940881098317038,-0.47956711828139076,1.9705866331709745
1165,-1.0827583091171882,-1.3227557461622115,-0.5074630991436532
1166,1.0532773977665748,2.747187805924008,1.9705866331709745
1167,1.0532773977665748,-0.07437725235422538,-0.5074630991436532
1168,1.1956797782254924,0.49157620410274533,-0.5074630991436532
1169,0.12766192478361088,0.8344291675795777,1.9705866331709745
1170,0.3412654954719872,0.5998455609901665,-0.5074630991436532
1171,-1.0115571188877295,-0.012040349903892454,-0.5074630991436532
1172,-1.2251606895761058,-0.3860617646058911,-0.5074630991436532
1173,0.27006430524252845,-0.6501733776191443,1.9705866331709745
1174,1.2668809684549511,-0.3081406365429745,-0.5074630991436532
1175,-0.6555511677404355,-1.2743626245231374,-0.5074630991436532
1176,-1.5099654504939408,-0.3860617646058911,-0.5074630991436532
1177,0.4836678759309047,1.5931348881921843,-0.5074630991436532
1178,-0.08594164590476543,-1.8641025305993146,1.9705866331709745
1179,-0.1571428361342242,0.019128101321274293,1.9705866331709745
1180,0.05646073455415211,-0.17444438523502312,-0.5074630991436532
1181,-0.5843499775109768,-0.49515134389397386,-0.5074630991436532
1182,0.6260702563898223,1.5562248801623817,-0.5074630991436532
1183,1.4804845391433274,-0.3393090877681413,-0.5074630991436532
1184,0.41246668570144596,1.4996295345166846,-0.5074630991436532
1185,0.9820762075371161,-0.42051110543370634,-0.5074630991436532
1186,1.4804845391433274,0.2930823831424752,1.9705866331709745
1187,0.4836678759309047,-0.07601769715555018,-0.5074630991436532
1188,1.1244785879960337,0.34639683918552255,-0.5074630991436532
1189,-1.0827583091171882,0.4399021928610222,-0.5074630991436532
1190,1.1956797782254924,-0.5681511375529166,-0.5074630991436532
1191,-0.513148787281518,-0.28435418692376857,-0.5074630991436532
1192,-0.44194759705205927,0.36690239920207945,-0.5074630991436532
1193,-0.8691547384288119,0.12083567900339627,1.9705866331709745
1194,-1.5099654504939408,1.3938208448312503,-0.5074630991436532
1195,0.7684726368487398,0.49813798330804454,-0.5074630991436532
1196,0.9108750173076573,1.1256081198146861,-0.5074630991436532
1197,-1.2251606895761058,-1.0438801299370373,-0.5074630991436532
1198,-1.5099654504939408,-1.4925417830993029,1.9705866331709745
1199,-0.8691547384288119,-0.7600831793078892,-0.5074630991436532
1200,0.19886311501306964,0.8705189532087179,-0.5074630991436532
1201,0.05646073455415211,-0.9159254354337224,-0.5074630991436532
1202,-1.4387642602644821,0.7983393819504377,-0.5074630991436532
1203,-0.44194759705205927,-1.995338114705279,-0.5074630991436532
