,Candidate ID,Date of Application,Date of Interview,Date of Job Offer,Date of Offer extension,Date of Joining,Offered band,Offered Salary,Percentage hike offered (CTC),Joining bonus amount,LOB,Joining location,Candidate relocation status,Acceptance status,Notice period,Current CTC,Current gross salary,Current organization,Highest Educational Degree,Total experience,Relevant experience,Year of graduation,Expected CTC,Percentage hike (CTC) expected ,Gender,Candidate source,DOB,Location,Number of precious jobs,Written Test Date,Interview rounds,Date of first Interview,Date of last Interview,Interview types,Interview Types2,First interview duration,Last interaction duration
0,C1,2019-08-28,2020-06-12,2020-06-22,2020-06-29,2020-07-14,B2,1383755.4375,0.19038293726642053,58122.28125,IT,NCR,Yes,Joined,0,1162445.625,1033285,IBM,Diploma,8,7.2,2012,1500000,0.2903829372664205,M,Direct,1991-11-06,Kolkata,2,2020-05-29,4,2020-06-03,2020-06-12,General,Online,40,25
1,C2,2019-11-28,2020-06-08,2020-06-18,2020-06-25,2020-07-10,B4,2976589.7375,0.3323424377159039,111705.13125,Manufacturing,NCR,Yes,Offer Rejected,0,2234102.625,1985869,Mahindra,Diploma,15,13.5,2005,3200000,0.4323424377159039,M,Agency,1984-02-22,Pune,4,2020-05-31,2,2020-06-05,2020-06-08,Managerial,FaceToFace,40,40
2,C3,2019-08-11,2020-05-26,2020-06-05,2020-06-12,2020-07-12,B0,741663.1249999999,0.27134531117753546,29168.4375,IT,Chennai,No,Joined,30,583368.75,518550,Infosys,Diploma,4,3.6,2016,800000,0.37134531117753566,M,Direct,1995-03-27,Chennai,1,2020-05-15,3,2020-05-20,2020-05-26,Technical,Online,45,60
3,C4,2019-08-18,2020-05-15,2020-05-25,2020-06-01,2020-07-31,C6,4079723.525,0.27381304699322667,160138.23750000002,Finance,Hyderabad,No,Offer Rejected,60,3202764.75,2846902,JP Morgun,Diploma,20,18.0,2000,4400000,0.3738130469932267,M,Direct,1979-06-14,Hyderabad,6,2020-05-10,1,2020-05-15,2020-05-15,Technical,Written,40,40
4,C5,2019-09-06,2020-01-25,2020-02-04,2020-02-11,2020-02-26,B5,3340936.2374999993,0.28961928339939064,129531.88125,IT,Mumbai,Yes,Joined,15,2590637.625,2302789,HCL,Diploma,17,15.3,2003,3600000,0.3896192833993909,M,Employee referral,1982-11-26,Hyderabad,5,2020-01-11,4,2020-01-16,2020-01-25,Technical,Online,15,25
5,C6,2019-10-08,2020-02-27,2020-03-08,2020-03-15,2020-04-14,C6,4373291.899999999,0.33859304375985766,163354.05000000002,Finance,Mumbai,Yes,Joined,30,3267081.0,2904072,HSBC,Diploma,20,18.0,2000,4700000,0.4385930437598578,F,Direct,1979-08-19,Bangaluru,6,2020-02-22,1,2020-02-27,2020-02-27,Managerial,Online,40,40
6,C7,2019-07-31,2020-04-29,2020-05-09,2020-05-16,2020-06-30,B3,2706252.0499999993,0.396790030552581,96873.975,IT,Chennai,Yes,Offer Rejected,45,1937479.5,1722204,Accenture,Diploma,12,10.8,2008,2900000,0.4967900305525813,F,Employee referral,1987-05-22,Kolkata,4,2020-04-18,3,2020-04-23,2020-04-29,Technical,FaceToFace,30,60
7,C8,2019-09-13,2020-03-31,2020-04-10,2020-04-17,2020-06-16,B0,556952.1,0.2937962130556891,21523.95,IT,Mumbai,Yes,Offer Rejected,60,430479.0,382648,Accenture,Master,3,2.7,2017,600000,0.3937962130556891,M,Direct,1993-11-27,Chennai,1,2020-03-23,2,2020-03-28,2020-03-31,Managerial,Written,15,60
8,C9,2019-12-24,2020-06-26,2020-07-06,2020-07-13,2020-08-12,B5,2668414.25,0.15223594284190628,115792.875,Manufacturing,Pune,Yes,Offer Rejected,30,2315857.5,2058540,L & T,Master,16,14.4,2004,2900000,0.2522359428419063,M,Employee referral,1980-10-06,Kolkata,5,2020-06-21,1,2020-06-26,2020-06-26,Technical,FaceToFace,30,30
9,C10,2019-10-03,2020-04-04,2020-04-14,2020-04-21,2020-05-06,B4,2683619.9749999996,0.24023461731275778,108190.01250000001,IT,Pune,Yes,Joined,0,2163800.25,1923378,TCS,Diploma,15,13.5,2005,2900000,0.34023461731275795,M,Direct,1984-03-27,Hyderabad,4,2020-03-24,3,2020-03-29,2020-04-04,Technical,FaceToFace,20,30
10,C11,2019-07-31,2020-05-03,2020-05-13,2020-05-20,2020-07-19,B2,1469371.075,0.12484357886279777,65314.4625,Finance,Hyderabad,Yes,Joined,60,1306289.25,1161146,Bajaj Finance,Bachelors,9,8.1,2011,1600000,0.2248435788627978,M,Direct,1989-12-11,Kolkata,3,2020-04-25,2,2020-04-30,2020-05-03,Managerial,FaceToFace,45,30
11,C12,2019-07-02,2020-05-27,2020-06-06,2020-06-13,2020-07-28,B0,651492.7,0.34308176295114334,24253.65,Manufacturing,NCR,Yes,Joined,45,485073.0,431176,L & T,Diploma,4,3.6,2016,700000,0.44308176295114343,F,Agency,1995-10-30,Bangaluru,1,2020-05-16,3,2020-05-21,2020-05-27,Managerial,FaceToFace,45,15
12,C13,2019-10-12,2020-06-26,2020-07-06,2020-07-13,2020-07-28,C6,3793303.2874999996,0.23682554552977142,153348.35625,Finance,Mumbai,No,Joined,0,3066967.125,2726193,HSBC,Bachelors,19,17.1,2001,4100000,0.3368255455297715,M,Direct,1979-02-14,Mumbai,6,2020-06-21,1,2020-06-26,2020-06-26,Technical,FaceToFace,20,20
13,C14,2019-10-05,2020-01-13,2020-01-23,2020-01-30,2020-02-14,B2,1194965.7249999999,0.13769122031831976,52517.137500000004,IT,Hyderabad,Yes,Joined,0,1050342.75,933638,Infosys,Diploma,7,6.3,2013,1300000,0.2376912203183199,F,Employee referral,1992-08-21,Mumbai,2,2020-01-05,2,2020-01-10,2020-01-13,Managerial,FaceToFace,60,60
14,C15,2019-08-01,2020-02-29,2020-03-10,2020-03-17,2020-05-01,B2,1297940.1124999998,0.27174362454593126,51029.943750000006,Finance,Chennai,No,Joined,45,1020598.875,907199,Bajaj Finance,Master,7,6.3,2013,1400000,0.3717436245459314,M,Agency,1989-07-27,Chennai,2,2020-02-24,1,2020-02-29,2020-02-29,General,FaceToFace,30,30
15,C16,2019-11-12,2020-02-08,2020-02-18,2020-02-25,2020-03-11,B4,2601334.4499999997,0.30940389513934335,99332.77500000001,IT,Chennai,Yes,Offer Rejected,0,1986655.5,1765916,HCL,Master,13,11.700000000000001,2007,2800000,0.4094038951393435,F,Agency,1983-10-15,Gurugram,4,2020-01-31,2,2020-02-05,2020-02-08,Managerial,Online,20,25
16,C17,2019-08-06,2020-04-10,2020-04-20,2020-04-27,2020-06-11,B5,3228813.4625,0.19062453920670744,135593.26875000002,Finance,Mumbai,Yes,Joined,45,2711865.375,2410547,HSBC,Master,17,15.3,2003,3500000,0.2906245392067075,F,Employee referral,1979-12-29,Hyderabad,5,2020-03-30,3,2020-04-04,2020-04-10,Managerial,FaceToFace,40,25
17,C18,2019-10-06,2020-07-06,2020-07-16,2020-07-23,2020-09-21,B3,2028663.7374999998,0.18402474053033566,85668.13125,Finance,Chennai,Yes,Offer Rejected,60,1713362.625,1522989,JP Morgun,Bachelors,11,9.9,2009,2200000,0.2840247405303358,F,Agency,1987-11-01,Mysore,3,2020-06-28,2,2020-07-03,2020-07-06,Technical,FaceToFace,60,60
18,C19,2019-12-28,2020-05-12,2020-05-22,2020-05-29,2020-06-13,B3,2411846.9,0.28185339492147615,94076.55,IT,Hyderabad,Yes,Offer Rejected,0,1881531.0,1672472,CSE,Bachelors,12,10.8,2008,2600000,0.3818533949214762,M,Direct,1986-03-31,Pune,3,2020-05-07,1,2020-05-12,2020-05-12,General,Online,40,40
19,C20,2019-09-27,2020-05-11,2020-05-21,2020-05-28,2020-06-12,B2,1867839.4999999998,0.41331146598264973,66080.25,IT,NCR,Yes,Offer Rejected,0,1321605.0,1174760,TCS,Bachelors,9,8.1,2011,2000000,0.5133114659826499,M,Agency,1989-03-20,Gurugram,3,2020-04-27,4,2020-05-02,2020-05-11,Managerial,FaceToFace,30,25
20,C21,2019-10-12,2020-06-09,2020-06-19,2020-06-26,2020-08-25,B0,652820.425,0.38369289040861443,23589.787500000002,IT,Pune,Yes,Joined,60,471795.75,419374,Oracle,Diploma,4,3.6,2016,700000,0.4836928904086143,F,Employee referral,1995-12-08,Bangaluru,1,2020-05-29,3,2020-06-03,2020-06-09,Technical,FaceToFace,60,30
21,C22,2019-08-04,2020-03-04,2020-03-14,2020-03-21,2020-05-20,C6,3814247.975,0.33481047947079295,142876.0125,Finance,Mumbai,Yes,Offer Rejected,60,2857520.25,2540018,Bank Of America,Master,18,16.2,2002,4100000,0.4348104794707929,M,Direct,1978-07-06,Delhi,5,2020-02-19,4,2020-02-24,2020-03-04,General,Online,30,15
22,C23,2019-09-23,2020-03-01,2020-03-11,2020-03-18,2020-04-02,B0,560124.375,0.40467861005313394,19937.8125,Manufacturing,Mumbai,No,Joined,0,398756.25,354450,L & T,Bachelors,3,2.7,2017,600000,0.504678610053134,M,Direct,1995-04-04,Mumbai,1,2020-02-22,2,2020-02-27,2020-03-01,Managerial,Online,15,40
23,C24,2019-10-24,2020-02-06,2020-02-16,2020-02-23,2020-04-08,B1,929071.1124999999,0.3098628009638526,35464.44375,IT,Pune,Yes,Joined,45,709288.875,630479,Oracle,Diploma,6,5.4,2014,1000000,0.4098628009638527,F,Employee referral,1993-06-10,Hyderabad,2,2020-01-23,4,2020-01-28,2020-02-06,Technical,Written,20,60
24,C25,2019-09-23,2020-05-09,2020-05-19,2020-05-26,2020-07-25,B0,553872.8624999999,0.20075272934506272,23063.568750000002,Manufacturing,NCR,Yes,Joined,60,461271.375,410019,Mahindra,Master,4,3.6,2016,600000,0.30075272934506286,M,Direct,1992-09-30,Kolkata,1,2020-05-01,2,2020-05-06,2020-05-09,Technical,Written,60,25
25,C26,2019-08-17,2020-02-16,2020-02-26,2020-03-04,2020-04-18,B4,2602441.5624999995,0.31730215901307657,98779.21875,Manufacturing,Mumbai,Yes,Joined,45,1975584.375,1756075,Mahindra,Diploma,13,11.700000000000001,2007,2800000,0.4173021590130768,F,Agency,1986-10-28,Noida,4,2020-02-05,3,2020-02-10,2020-02-16,Technical,Online,40,20
26,C27,2019-07-04,2020-02-06,2020-02-16,2020-02-23,2020-04-23,C6,3592178.9624999994,0.16696993541255264,153910.51875000002,IT,Chennai,Yes,Joined,60,3078210.375,2736187,Oracle,Master,19,17.1,2001,3900000,0.2669699354125528,F,Agency,1977-03-06,Kolkata,6,2020-01-26,3,2020-01-31,2020-02-06,General,Online,40,60
27,C28,2019-07-08,2020-07-06,2020-07-16,2020-07-23,2020-08-22,B1,838475.6625,0.36283574365997845,30762.16875,IT,Chennai,Yes,Joined,30,615243.375,546883,Tech Mahindra,Diploma,5,4.5,2015,900000,0.4628357436599785,F,Agency,1994-03-06,Pune,1,2020-06-25,3,2020-06-30,2020-07-06,Technical,Online,60,25
28,C29,2019-09-27,2020-03-27,2020-04-06,2020-04-13,2020-05-13,B5,2948490.5,0.17231774545295506,125754.75,Finance,Pune,Yes,Offer Rejected,30,2515095.0,2235640,HSBC,Bachelors,16,14.4,2004,3200000,0.27231774545295506,F,Agency,1982-03-28,Chennai,5,2020-03-16,3,2020-03-21,2020-03-27,Technical,FaceToFace,25,40
29,C30,2019-10-30,2020-05-25,2020-06-04,2020-06-11,2020-07-26,B3,2023940.8749999998,0.1495802191451308,88029.5625,IT,NCR,Yes,Offer Rejected,45,1760591.25,1564970,IBM,Diploma,12,10.8,2008,2200000,0.24958021914513093,M,Employee referral,1987-05-13,Mysore,3,2020-05-20,1,2020-05-25,2020-05-25,Technical,Written,40,40
30,C31,2019-10-30,2020-02-21,2020-03-02,2020-03-09,2020-03-24,B2,1479701.1624999999,0.230021165000867,60149.418750000004,IT,NCR,Yes,Offer Rejected,0,1202988.375,1069323,IBM,Bachelors,9,8.1,2011,1600000,0.3300211650008671,M,Employee referral,1989-12-17,Pune,2,2020-02-13,2,2020-02-18,2020-02-21,General,FaceToFace,45,45
31,C32,2019-09-17,2020-07-09,2020-07-19,2020-07-26,2020-09-24,C6,3579228.3,0.11581797895512597,160385.85,IT,NCR,Yes,Joined,60,3207717.0,2851304,CSE,Diploma,20,18.0,2000,3900000,0.21581797895512603,F,Agency,1979-02-15,Noida,6,2020-06-25,4,2020-06-30,2020-07-09,Technical,Written,15,20
32,C33,2019-07-04,2020-04-12,2020-04-22,2020-04-29,2020-05-14,B3,2143320.2375,0.36796239878139964,78339.88125,IT,NCR,Yes,Offer Rejected,0,1566797.625,1392709,Tech Mahindra,Bachelors,11,9.9,2009,2300000,0.4679623987813997,F,Employee referral,1987-09-18,Delhi,3,2020-03-29,4,2020-04-03,2020-04-12,General,FaceToFace,45,15
33,C34,2019-11-21,2020-04-09,2020-04-19,2020-04-26,2020-06-10,B3,1938149.9625,0.1974973824148789,80925.01875,IT,Chennai,Yes,Offer Rejected,45,1618500.375,1438667,IBM,Diploma,11,9.9,2009,2100000,0.29749738241487894,M,Direct,1988-11-07,Hyderabad,3,2020-04-04,1,2020-04-09,2020-04-09,General,FaceToFace,30,30
34,C35,2019-10-30,2020-05-30,2020-06-09,2020-06-16,2020-07-16,B5,3153741.6625,0.2806639135619114,123129.16875000001,IT,Chennai,Yes,Joined,30,2462583.375,2188963,IBM,Master,16,14.4,2004,3400000,0.38066391356191137,F,Employee referral,1980-12-20,Mumbai,5,2020-05-16,4,2020-05-21,2020-05-30,Managerial,Online,40,30
35,C36,2019-10-24,2020-02-02,2020-02-12,2020-02-19,2020-04-04,B3,2210615.7,0.16726449869392562,94692.15000000001,Finance,Chennai,Yes,Joined,45,1893843.0,1683416,Bajaj Finance,Diploma,12,10.8,2008,2400000,0.26726449869392555,M,Employee referral,1987-06-20,Delhi,3,2020-01-25,2,2020-01-30,2020-02-02,Managerial,Written,60,40
36,C37,2019-11-27,2020-05-30,2020-06-09,2020-06-16,2020-08-15,C6,3871881.15,0.18002399130680846,164059.42500000002,Finance,Hyderabad,Yes,Offer Rejected,60,3281188.5,2916612,HSBC,Diploma,20,18.0,2000,4200000,0.2800239913068085,F,Agency,1979-11-20,Noida,6,2020-05-25,1,2020-05-30,2020-05-30,Technical,FaceToFace,45,45
37,C38,2019-09-06,2020-01-31,2020-02-10,2020-02-17,2020-03-18,C6,3118994.3499999996,0.10994008483459305,140502.825,Manufacturing,NCR,Yes,Offer Rejected,30,2810056.5,2497828,L & T,Diploma,18,16.2,2002,3400000,0.20994008483459317,F,Employee referral,1981-08-31,Mumbai,5,2020-01-17,4,2020-01-22,2020-01-31,Managerial,Online,30,30
38,C39,2019-07-20,2020-01-08,2020-01-18,2020-01-25,2020-02-09,B1,1029668.0374999999,0.4640115260540325,35165.981250000004,IT,Mumbai,Yes,Offer Rejected,15,703319.625,625173,Oracle,Bachelors,6,5.4,2014,1100000,0.5640115260540327,M,Agency,1992-06-14,Bangaluru,1,2020-01-03,1,2020-01-08,2020-01-08,Managerial,Written,60,60
39,C40,2019-08-25,2020-05-18,2020-05-28,2020-06-04,2020-07-04,B3,2318124.0625,0.27456336135724385,90937.96875,Finance,NCR,Yes,Offer Rejected,30,1818759.375,1616675,JP Morgun,Diploma,12,10.8,2008,2500000,0.3745633613572439,M,Agency,1987-05-17,Hyderabad,3,2020-05-07,3,2020-05-12,2020-05-18,Managerial,Written,40,40
40,C41,2019-09-16,2020-05-29,2020-06-08,2020-06-15,2020-08-14,C6,3518458.7375,0.24971334796795544,140770.63125,IT,NCR,Yes,Offer Rejected,60,2815412.625,2502589,Tech Mahindra,Master,18,16.2,2002,3800000,0.3497133479679555,F,Direct,1978-10-29,Mysore,5,2020-05-24,1,2020-05-29,2020-05-29,Technical,Written,45,45
41,C42,2019-10-04,2020-02-11,2020-02-21,2020-02-28,2020-04-28,B3,2418542.9,0.33284555963916534,90728.55,IT,Mumbai,Yes,Offer Rejected,60,1814571.0,1612952,TCS,Bachelors,12,10.8,2008,2600000,0.4328455596391654,M,Direct,1986-11-09,Gurugram,3,2020-02-03,2,2020-02-08,2020-02-11,Technical,Online,20,20
42,C43,2019-08-19,2020-01-15,2020-01-25,2020-02-01,2020-03-02,B4,2890261.525,0.3780311528440358,104869.2375,IT,Chennai,Yes,Offer Rejected,30,2097384.75,1864342,Accenture,Bachelors,15,13.5,2005,3100000,0.4780311528440359,F,Direct,1983-05-01,Mumbai,4,2020-01-04,3,2020-01-09,2020-01-15,General,Written,30,25
43,C44,2019-12-27,2020-03-01,2020-03-11,2020-03-18,2020-04-02,B2,1393797.1874999998,0.31239197408260705,53101.40625,IT,Hyderabad,Yes,Joined,0,1062028.125,944025,TCS,Master,8,7.2,2012,1500000,0.41239197408260725,M,Direct,1988-06-24,Chennai,2,2020-02-19,3,2020-02-24,2020-03-01,General,FaceToFace,30,40
44,C45,2019-11-01,2020-01-26,2020-02-05,2020-02-12,2020-02-27,B2,1868659.4,0.422758385449739,65670.3,Finance,NCR,Yes,Offer Rejected,0,1313406.0,1167472,Bank Of America,Diploma,9,8.1,2011,2000000,0.5227583854497391,F,Direct,1990-11-12,Mysore,2,2020-01-21,1,2020-01-26,2020-01-26,General,Online,45,45
45,C46,2019-09-26,2020-06-05,2020-06-15,2020-06-22,2020-07-07,B5,3258811.2499999995,0.35114562764639706,120594.375,IT,Mumbai,Yes,Joined,0,2411887.5,2143900,Oracle,Diploma,16,14.4,2004,3500000,0.45114562764639726,M,Direct,1983-11-04,Gurugram,5,2020-05-25,3,2020-05-30,2020-06-05,Technical,Online,25,45
46,C47,2019-07-16,2020-07-02,2020-07-12,2020-07-19,2020-08-03,B5,3045195.8249999997,0.19511221705845272,127402.08750000001,Manufacturing,Hyderabad,Yes,Offer Rejected,15,2548041.75,2264926,L & T,Bachelors,16,14.4,2004,3300000,0.2951122170584528,F,Agency,1982-01-22,Gurugram,5,2020-06-18,4,2020-06-23,2020-07-02,Technical,FaceToFace,60,40
47,C48,2019-10-11,2020-02-01,2020-02-11,2020-02-18,2020-04-03,B5,3636465.0375,0.37987954349700376,131767.48125,IT,Mumbai,Yes,Joined,45,2635349.625,2342533,Oracle,Bachelors,17,15.3,2003,3900000,0.47987954349700374,F,Agency,1981-10-28,Hyderabad,5,2020-01-27,1,2020-02-01,2020-02-01,Managerial,Online,25,25
48,C49,2019-08-23,2020-06-17,2020-06-27,2020-07-04,2020-08-18,B2,1473996.0624999998,0.16980158854162772,63001.96875,IT,Pune,Yes,Offer Rejected,45,1260039.375,1120035,Accenture,Master,9,8.1,2011,1600000,0.2698015885416279,F,Direct,1987-03-16,Mumbai,2,2020-06-12,1,2020-06-17,2020-06-17,Technical,Written,60,60
49,C50,2019-07-13,2020-01-28,2020-02-07,2020-02-14,2020-04-14,B2,1392930.6,0.3009604985177839,53534.700000000004,Finance,Chennai,Yes,Offer Rejected,60,1070694.0,951728,JP Morgun,Bachelors,8,7.2,2012,1500000,0.4009604985177838,M,Employee referral,1990-08-06,Hyderabad,2,2020-01-17,3,2020-01-22,2020-01-28,Managerial,Online,45,30
50,C51,2019-11-20,2020-05-29,2020-06-08,2020-06-15,2020-08-14,B3,1847645.4125,0.21272712743224756,76177.29375,IT,Hyderabad,Yes,Joined,60,1523545.875,1354263,IBM,Diploma,10,9.0,2010,2000000,0.3127271274322475,F,Employee referral,1989-04-17,Gurugram,3,2020-05-15,4,2020-05-20,2020-05-29,General,Online,15,15
51,C52,2019-12-21,2020-02-27,2020-03-08,2020-03-15,2020-03-30,B4,2398318.1,0.18915881891235659,100840.95000000001,Finance,Chennai,Yes,Joined,15,2016819.0,1792728,Bajaj Finance,Diploma,14,12.6,2006,2600000,0.28915881891235656,M,Employee referral,1985-11-15,Mumbai,4,2020-02-19,2,2020-02-24,2020-02-27,Managerial,Online,45,45
52,C53,2019-08-26,2020-04-05,2020-04-15,2020-04-22,2020-06-06,B3,1844608.7,0.1870733432309273,77695.65000000001,IT,Hyderabad,Yes,Offer Rejected,45,1553913.0,1381256,Infosys,Master,10,9.0,2010,2000000,0.28707334323092737,F,Direct,1986-08-28,Bangaluru,3,2020-03-22,4,2020-03-27,2020-04-05,General,Written,60,15
53,C54,2019-10-01,2020-02-24,2020-03-05,2020-03-12,2020-04-26,B5,3438765.3249999997,0.3163510261415334,130617.33750000001,Manufacturing,Chennai,Yes,Joined,45,2612346.75,2322086,L & T,Diploma,17,15.3,2003,3700000,0.41635102614153346,F,Employee referral,1982-03-06,Mysore,5,2020-02-10,4,2020-02-15,2020-02-24,General,Written,25,60
54,C55,2019-08-21,2020-04-14,2020-04-24,2020-05-01,2020-05-16,B0,554000.6625,0.204366611801746,22999.66875,Manufacturing,Chennai,Yes,Joined,0,459993.375,408883,Mahindra,Bachelors,4,3.6,2016,600000,0.30436661180174607,F,Agency,1994-02-06,Pune,1,2020-04-06,2,2020-04-11,2020-04-14,General,FaceToFace,40,30
55,C56,2019-09-13,2020-04-18,2020-04-28,2020-05-05,2020-06-19,B2,1203437.425,0.2462772714998539,48281.287500000006,IT,NCR,Yes,Joined,45,965625.75,858334,HCL,Master,7,6.3,2013,1300000,0.3462772714998539,F,Agency,1989-02-23,Pune,2,2020-04-13,1,2020-04-18,2020-04-18,General,Written,45,45
56,C57,2019-08-14,2020-03-24,2020-04-03,2020-04-10,2020-05-25,C6,3318169.5,0.1773635216912293,140915.25,Manufacturing,Pune,Yes,Offer Rejected,45,2818305.0,2505160,L & T,Diploma,18,16.2,2002,3600000,0.2773635216912293,F,Agency,1981-03-05,Chennai,6,2020-03-19,1,2020-03-24,2020-03-24,Managerial,FaceToFace,15,15
57,C58,2019-10-02,2020-05-20,2020-05-30,2020-06-06,2020-06-21,C6,4264755.5125,0.2721329273162173,167622.24375000002,Manufacturing,Chennai,Yes,Joined,0,3352444.875,2979951,Mahindra,Bachelors,20,18.0,2000,4600000,0.3721329273162172,M,Direct,1978-10-04,Kolkata,6,2020-05-09,3,2020-05-14,2020-05-20,Technical,FaceToFace,20,15
58,C59,2019-07-11,2020-03-03,2020-03-13,2020-03-20,2020-05-19,B3,2517370.2,0.3784005677058181,91314.90000000001,IT,NCR,Yes,Joined,60,1826298.0,1623376,Oracle,Bachelors,12,10.8,2008,2700000,0.478400567705818,M,Employee referral,1986-10-20,Noida,3,2020-02-27,1,2020-03-03,2020-03-03,General,Written,30,30
59,C60,2019-08-26,2020-04-23,2020-05-03,2020-05-10,2020-05-25,B2,1570082.525,0.20852296813804294,64958.7375,IT,Chennai,Yes,Joined,0,1299174.75,1154822,IBM,Diploma,9,8.1,2011,1700000,0.30852296813804303,F,Agency,1990-06-17,Bangaluru,2,2020-04-12,3,2020-04-17,2020-04-23,Managerial,Online,25,30
60,C61,2019-09-22,2020-06-29,2020-07-09,2020-07-16,2020-07-31,B3,1754594.9874999998,0.20669498068369535,72702.50625,Finance,Hyderabad,Yes,Joined,0,1454050.125,1292489,JP Morgun,Bachelors,10,9.0,2010,1900000,0.3066949806836955,M,Direct,1988-05-06,Delhi,3,2020-06-24,1,2020-06-29,2020-06-29,General,Written,45,45
61,C62,2019-11-01,2020-06-12,2020-06-22,2020-06-29,2020-08-28,B5,3124934.5749999997,0.13606956417732244,137532.7125,IT,Chennai,Yes,Joined,60,2750654.25,2445026,IBM,Bachelors,17,15.3,2003,3400000,0.23606956417732253,M,Employee referral,1981-11-19,Kolkata,5,2020-06-04,2,2020-06-09,2020-06-12,Managerial,FaceToFace,40,15
62,C63,2019-10-19,2020-05-13,2020-05-23,2020-05-30,2020-06-14,C6,4010924.9499999997,0.387502985816313,144537.525,IT,Pune,Yes,Offer Rejected,0,2890750.5,2569556,CSE,Bachelors,18,16.2,2002,4300000,0.4875029858163131,M,Agency,1980-05-31,Mumbai,5,2020-05-02,3,2020-05-07,2020-05-13,Managerial,Online,30,45
63,C64,2019-07-18,2020-05-29,2020-06-08,2020-06-15,2020-07-15,B3,1859526.2,0.32375304149243483,70236.90000000001,IT,NCR,Yes,Offer Rejected,30,1404738.0,1248656,Oracle,Master,10,9.0,2010,2000000,0.42375304149243487,M,Direct,1986-10-18,Noida,3,2020-05-15,4,2020-05-20,2020-05-29,General,Written,25,25
64,C65,2019-08-04,2020-05-11,2020-05-21,2020-05-28,2020-06-12,B5,3436463.0124999997,0.3039774967071746,131768.49375,IT,Hyderabad,Yes,Offer Rejected,0,2635369.875,2342551,Accenture,Bachelors,17,15.3,2003,3700000,0.40397749670717475,F,Employee referral,1981-08-04,Pune,5,2020-05-03,2,2020-05-08,2020-05-11,Managerial,FaceToFace,45,60
65,C66,2019-09-23,2020-06-18,2020-06-28,2020-07-05,2020-08-04,C6,3499532.525,0.16469595419604066,150233.73750000002,Manufacturing,NCR,Yes,Offer Rejected,30,3004674.75,2670822,Mahindra,Master,19,17.1,2001,3800000,0.2646959541960407,M,Agency,1977-11-01,Gurugram,6,2020-06-10,2,2020-06-15,2020-06-18,General,Online,25,60
66,C67,2019-11-11,2020-06-11,2020-06-21,2020-06-28,2020-08-27,B5,3162493.825,0.3315417272835118,118753.08750000001,Finance,Hyderabad,Yes,Offer Rejected,60,2375061.75,2111166,Bajaj Finance,Bachelors,16,14.4,2004,3400000,0.4315417272835117,F,Direct,1982-10-11,Kolkata,5,2020-06-06,1,2020-06-11,2020-06-11,Technical,Written,25,25
67,C68,2019-09-20,2020-02-09,2020-02-19,2020-02-26,2020-04-26,B1,923919.2874999999,0.21439357905592676,38040.356250000004,IT,NCR,Yes,Offer Rejected,60,760807.125,676273,CSE,Master,6,5.4,2014,1000000,0.31439357905592696,M,Agency,1990-08-27,Noida,2,2020-02-04,1,2020-02-09,2020-02-09,General,Written,60,60
68,C69,2019-08-24,2020-03-06,2020-03-16,2020-03-23,2020-05-22,B1,1109691.4125,0.22877728820639576,45154.293750000004,Finance,Chennai,Yes,Offer Rejected,60,903085.875,802743,Bajaj Finance,Master,6,5.4,2014,1200000,0.3287772882063957,M,Employee referral,1990-02-02,Mysore,1,2020-02-21,4,2020-02-26,2020-03-06,Technical,FaceToFace,45,45
69,C70,2019-07-15,2020-01-20,2020-01-30,2020-02-06,2020-02-21,B4,3075535.05,0.37016271359960645,112232.475,Finance,Hyderabad,Yes,Joined,0,2244649.5,1995244,Bank Of America,Diploma,15,13.5,2005,3300000,0.47016271359960654,F,Employee referral,1984-10-04,Mysore,4,2020-01-12,2,2020-01-17,2020-01-20,Technical,Written,60,15
70,C71,2019-11-13,2020-01-22,2020-02-01,2020-02-08,2020-02-23,B4,2300037.3249999997,0.1502333247942396,99981.33750000001,Finance,Mumbai,Yes,Offer Rejected,0,1999626.75,1777446,Bank Of America,Master,13,11.700000000000001,2007,2500000,0.2502333247942397,F,Employee referral,1983-07-01,Noida,4,2020-01-11,3,2020-01-16,2020-01-22,Technical,Written,40,20
71,C72,2019-11-30,2020-05-13,2020-05-23,2020-05-30,2020-07-14,B2,1474940.95,0.1793956135121768,62529.525,Finance,Mumbai,Yes,Joined,45,1250590.5,1111636,Bank Of America,Bachelors,9,8.1,2011,1600000,0.27939561351217684,M,Employee referral,1989-01-12,Hyderabad,2,2020-05-08,1,2020-05-13,2020-05-13,Managerial,Written,60,60
72,C73,2019-09-07,2020-02-02,2020-02-12,2020-02-19,2020-03-05,B4,2578332.4749999996,0.1631530035804747,110833.76250000001,Finance,Pune,Yes,Offer Rejected,15,2216675.25,1970378,Bajaj Finance,Master,15,13.5,2005,2800000,0.26315300358047483,M,Direct,1981-10-16,Delhi,4,2020-01-19,4,2020-01-24,2020-02-02,General,Written,45,40
73,C74,2019-11-24,2020-04-02,2020-04-12,2020-04-19,2020-05-04,B1,1213604.275,0.4047040811336439,43197.8625,IT,NCR,Yes,Joined,0,863957.25,767962,Cognizant,Bachelors,6,5.4,2014,1300000,0.5047040811336441,M,Agency,1992-09-22,Noida,1,2020-03-22,3,2020-03-27,2020-04-02,Technical,Written,25,15
74,C75,2019-12-19,2020-07-08,2020-07-18,2020-07-25,2020-09-23,B5,3539953.3249999997,0.36127613437087774,130023.33750000001,IT,Pune,No,Joined,60,2600466.75,2311526,Infosys,Master,17,15.3,2003,3800000,0.46127613437087783,F,Employee referral,1979-08-23,Pune,5,2020-06-27,3,2020-07-02,2020-07-08,Technical,Online,20,40
75,C76,2019-12-17,2020-02-14,2020-02-24,2020-03-02,2020-03-17,B2,1394987.325,0.3283990004063795,52506.3375,Finance,NCR,Yes,Joined,0,1050126.75,933446,Bajaj Finance,Bachelors,7,6.3,2013,1500000,0.4283990004063795,M,Direct,1991-08-23,Mysore,2,2020-01-31,4,2020-02-05,2020-02-14,General,FaceToFace,45,15
76,C77,2019-09-01,2020-04-21,2020-05-01,2020-05-08,2020-06-22,B3,1746191.9125,0.13530565322190882,76904.04375,IT,NCR,Yes,Offer Rejected,45,1538080.875,1367183,Oracle,Bachelors,10,9.0,2010,1900000,0.23530565322190877,M,Direct,1988-04-28,Delhi,3,2020-04-13,2,2020-04-18,2020-04-21,Technical,Written,20,25
77,C78,2019-12-23,2020-06-30,2020-07-10,2020-07-17,2020-08-31,C6,3808977.9124999996,0.3088277749708601,145511.04375,IT,Hyderabad,Yes,Joined,45,2910220.875,2586863,HCL,Master,18,16.2,2002,4100000,0.40882777497086026,F,Direct,1978-09-07,Kolkata,5,2020-06-19,3,2020-06-24,2020-06-30,Technical,Written,20,30
78,C79,2019-07-10,2020-07-01,2020-07-11,2020-07-18,2020-09-16,B3,2115246.0875,0.14489921153902488,92376.95625,IT,Chennai,Yes,Offer Rejected,60,1847539.125,1642257,IBM,Diploma,12,10.8,2008,2300000,0.2448992115390249,F,Direct,1987-04-24,Bangaluru,4,2020-06-20,3,2020-06-25,2020-07-01,Technical,FaceToFace,45,20
79,C80,2019-08-20,2020-06-13,2020-06-23,2020-06-30,2020-08-29,B2,1396599.1124999998,0.3506645312884764,51700.443750000006,IT,NCR,Yes,Offer Rejected,60,1034008.875,919119,Oracle,Master,7,6.3,2013,1500000,0.4506645312884766,F,Agency,1989-12-27,Gurugram,2,2020-06-08,1,2020-06-13,2020-06-13,Managerial,Online,20,20
80,C81,2019-12-08,2020-03-16,2020-03-26,2020-04-02,2020-05-02,B1,831211.6499999999,0.20836108149126983,34394.175,IT,NCR,Yes,Offer Rejected,30,687883.5,611452,TCS,Master,6,5.4,2014,900000,0.30836108149126995,M,Employee referral,1990-07-08,Gurugram,1,2020-03-02,4,2020-03-07,2020-03-16,General,Written,20,25
81,C82,2019-12-29,2020-02-07,2020-02-17,2020-02-24,2020-04-09,C6,3688440.3624999993,0.183863350239005,155779.81875,IT,Mumbai,No,Offer Rejected,45,3115596.375,2769419,TCS,Bachelors,20,18.0,2000,4000000,0.2838633502390052,M,Direct,1978-07-09,Mumbai,6,2020-01-30,2,2020-02-04,2020-02-07,Technical,Online,30,15
82,C83,2019-07-07,2020-06-19,2020-06-29,2020-07-06,2020-08-20,B2,1301894.15,0.327030090458418,49052.925,IT,NCR,Yes,Joined,45,981058.5,872052,Infosys,Master,7,6.3,2013,1400000,0.4270300904584181,M,Direct,1989-10-29,Mysore,2,2020-06-05,4,2020-06-10,2020-06-19,Technical,Written,60,60
83,C84,2019-11-06,2020-02-25,2020-03-06,2020-03-13,2020-05-12,B5,3029291.3624999993,0.11902279531069612,135354.31875,IT,Pune,Yes,Joined,60,2707086.375,2406299,Cognizant,Bachelors,17,15.3,2003,3300000,0.21902279531069635,F,Agency,1981-07-31,Gurugram,5,2020-02-14,3,2020-02-19,2020-02-25,General,FaceToFace,60,45
84,C85,2019-07-27,2020-02-28,2020-03-09,2020-03-16,2020-03-31,C6,3607477.275,0.23322975163724458,146261.36250000002,IT,Pune,Yes,Offer Rejected,0,2925227.25,2600202,Oracle,Diploma,19,17.1,2001,3900000,0.3332297516372446,F,Employee referral,1980-05-19,Noida,6,2020-02-23,1,2020-02-28,2020-02-28,Managerial,Online,15,15
85,C86,2019-09-25,2020-06-19,2020-06-29,2020-07-06,2020-08-05,B5,3357373.6125,0.383762766735337,121313.19375,IT,NCR,Yes,Offer Rejected,30,2426263.875,2156679,TCS,Diploma,16,14.4,2004,3600000,0.4837627667353371,M,Employee referral,1983-11-30,Gurugram,5,2020-06-08,3,2020-06-13,2020-06-19,General,FaceToFace,40,60
86,C87,2019-09-23,2020-06-13,2020-06-23,2020-06-30,2020-07-15,B3,1859413.25,0.32260917191698363,70293.375,IT,Chennai,Yes,Joined,15,1405867.5,1249660,TCS,Diploma,10,9.0,2010,2000000,0.42260917191698366,M,Employee referral,1989-04-13,Mysore,3,2020-05-30,4,2020-06-04,2020-06-13,General,Written,20,40
87,C88,2019-07-04,2020-03-15,2020-03-25,2020-04-01,2020-05-16,B5,3230298.9124999996,0.1977329948660291,134850.54375,Finance,Chennai,Yes,Offer Rejected,45,2697010.875,2397343,HSBC,Master,17,15.3,2003,3500000,0.2977329948660292,M,Employee referral,1979-01-01,Noida,5,2020-03-04,3,2020-03-09,2020-03-15,Technical,Written,20,45
88,C89,2019-09-21,2020-03-10,2020-03-20,2020-03-27,2020-04-11,B5,3537592.1750000003,0.3481275472635011,131203.9125,IT,NCR,Yes,Joined,15,2624078.25,2332514,Oracle,Diploma,17,15.3,2003,3800000,0.448127547263501,F,Direct,1982-07-21,Mysore,5,2020-03-05,1,2020-03-10,2020-03-10,Technical,FaceToFace,25,25
89,C90,2019-12-15,2020-05-23,2020-06-02,2020-06-09,2020-07-24,B5,3628459.875,0.33625182466127246,135770.0625,IT,NCR,Yes,Offer Rejected,45,2715401.25,2413690,CSE,Diploma,17,15.3,2003,3900000,0.43625182466127244,F,Direct,1982-04-02,Delhi,5,2020-05-18,1,2020-05-23,2020-05-23,Technical,Written,20,20
90,C91,2019-09-16,2020-07-07,2020-07-17,2020-07-24,2020-08-08,C6,3621345.1499999994,0.2995808793566663,139327.42500000002,IT,Chennai,Yes,Offer Rejected,15,2786548.5,2476932,Oracle,Bachelors,18,16.2,2002,3900000,0.3995808793566665,F,Direct,1980-03-25,Mumbai,5,2020-06-26,3,2020-07-01,2020-07-07,General,Written,20,60
91,C92,2019-10-14,2020-06-30,2020-07-10,2020-07-17,2020-08-16,C6,3499542.5374999996,0.16473809915771342,150228.73125,IT,Mumbai,Yes,Joined,30,3004574.625,2670733,HCL,Bachelors,19,17.1,2001,3800000,0.26473809915771357,F,Employee referral,1979-05-15,Gurugram,6,2020-06-19,3,2020-06-24,2020-06-30,Managerial,Online,60,40
92,C93,2019-10-23,2020-06-02,2020-06-12,2020-06-19,2020-07-04,B4,2495258.55,0.21873638679417373,102370.725,IT,Pune,Yes,Offer Rejected,15,2047414.5,1819924,CSE,Diploma,14,12.6,2006,2700000,0.3187363867941738,M,Employee referral,1985-11-04,Mysore,4,2020-05-19,4,2020-05-24,2020-06-02,Managerial,FaceToFace,30,30
93,C94,2019-10-03,2020-03-22,2020-04-01,2020-04-08,2020-04-23,B0,555171.9,0.23844619780896362,22414.050000000003,Manufacturing,Hyderabad,Yes,Joined,0,448281.0,398472,L & T,Diploma,3,2.7,2017,600000,0.33844619780896357,F,Agency,1996-08-04,Bangaluru,1,2020-03-08,4,2020-03-13,2020-03-22,General,Written,30,15
94,C95,2019-10-08,2020-04-11,2020-04-21,2020-04-28,2020-05-28,B3,1665312.9749999999,0.2364316273226763,67343.5125,IT,Mumbai,Yes,Offer Rejected,30,1346870.25,1197218,Tech Mahindra,Master,10,9.0,2010,1800000,0.3364316273226764,M,Agency,1986-05-23,Gurugram,3,2020-04-03,2,2020-04-08,2020-04-11,General,FaceToFace,45,60
95,C96,2019-12-07,2020-01-08,2020-01-18,2020-01-25,2020-02-09,B2,1393117.4625,0.303409794607468,53441.26875,Finance,Hyderabad,Yes,Offer Rejected,15,1068825.375,950067,Bajaj Finance,Bachelors,8,7.2,2012,1500000,0.403409794607468,M,Direct,1990-09-19,Mysore,2,2020-01-03,1,2020-01-08,2020-01-08,Managerial,Written,60,60
96,C97,2019-12-02,2020-03-05,2020-03-15,2020-03-22,2020-04-06,B1,836839.5749999998,0.32494291322453867,31580.2125,IT,NCR,Yes,Offer Rejected,0,631604.25,561426,TCS,Bachelors,5,4.5,2015,900000,0.4249429132245389,M,Agency,1993-10-22,Noida,1,2020-02-29,1,2020-03-05,2020-03-05,Technical,FaceToFace,60,60
97,C98,2019-12-25,2020-07-01,2020-07-11,2020-07-18,2020-09-01,B5,3031554.1875,0.12929837097011898,134222.90625,Manufacturing,NCR,Yes,Offer Rejected,45,2684458.125,2386185,Mahindra,Diploma,17,15.3,2003,3300000,0.22929837097011896,M,Employee referral,1982-02-13,Hyderabad,5,2020-06-26,1,2020-07-01,2020-07-01,Technical,Written,40,40
98,C99,2019-11-13,2020-01-19,2020-01-29,2020-02-05,2020-03-21,B1,838534.05,0.364225314991471,30732.975000000002,Manufacturing,Hyderabad,Yes,Joined,45,614659.5,546364,Mahindra,Diploma,5,4.5,2015,900000,0.4642253149914709,M,Employee referral,1994-11-02,Bangaluru,1,2020-01-05,4,2020-01-10,2020-01-19,Technical,Online,45,45
99,C100,2019-08-28,2020-03-23,2020-04-02,2020-04-09,2020-06-08,B1,836749.6874999999,0.3229178709591354,31625.15625,Finance,NCR,Yes,Offer Rejected,60,632503.125,562225,Bajaj Finance,Diploma,5,4.5,2015,900000,0.4229178709591356,F,Direct,1994-04-04,Bangaluru,1,2020-03-18,1,2020-03-23,2020-03-23,Technical,FaceToFace,25,25
100,C101,2019-09-29,2020-04-19,2020-04-29,2020-05-06,2020-05-21,C6,3614025.5624999995,0.26375825549092985,142987.21875,IT,NCR,Yes,Joined,15,2859744.375,2541995,Cognizant,Diploma,18,16.2,2002,3900000,0.36375825549093005,F,Direct,1981-06-08,Delhi,6,2020-04-08,3,2020-04-13,2020-04-19,Technical,FaceToFace,30,25
101,C102,2019-10-14,2020-05-27,2020-06-06,2020-06-13,2020-06-28,C6,3691296.0624999995,0.19573987050294736,154351.96875,IT,Pune,Yes,Joined,0,3087039.375,2744035,TCS,Master,19,17.1,2001,4000000,0.2957398705029475,F,Employee referral,1977-11-11,Delhi,6,2020-05-22,1,2020-05-27,2020-05-27,Managerial,Written,40,40
102,C103,2019-09-06,2020-06-09,2020-06-19,2020-06-26,2020-07-26,B1,1015284.1249999999,0.1984579336517505,42357.9375,IT,Chennai,Yes,Offer Rejected,30,847158.75,753030,Oracle,Diploma,6,5.4,2014,1100000,0.2984579336517506,M,Employee referral,1993-08-29,Kolkata,1,2020-05-29,3,2020-06-03,2020-06-09,Technical,Written,60,30
103,C104,2019-12-01,2020-05-06,2020-05-16,2020-05-23,2020-06-07,B1,837815.0625,0.3472958182196452,31092.46875,Finance,Mumbai,Yes,Offer Rejected,0,621849.375,552755,Bank Of America,Master,5,4.5,2015,900000,0.44729581821964526,F,Direct,1991-02-06,Noida,1,2020-04-28,2,2020-05-03,2020-05-06,Technical,FaceToFace,30,25
104,C105,2019-08-12,2020-01-14,2020-01-24,2020-01-31,2020-02-15,B3,2326550.1999999997,0.34133922322193494,86724.90000000001,IT,Mumbai,Yes,Joined,15,1734498.0,1541776,IBM,Master,12,10.8,2008,2500000,0.4413392232219351,M,Employee referral,1984-01-19,Mysore,3,2020-01-09,1,2020-01-14,2020-01-14,Managerial,FaceToFace,45,45
105,C106,2019-10-26,2020-05-02,2020-05-12,2020-05-19,2020-06-18,C6,3789525.2,0.22055806139499895,155237.4,IT,Chennai,Yes,Joined,30,3104748.0,2759776,TCS,Master,19,17.1,2001,4100000,0.32055806139499887,M,Agency,1977-08-04,Kolkata,6,2020-04-18,4,2020-04-23,2020-05-02,Technical,Written,25,25
106,C107,2019-09-27,2020-05-03,2020-05-13,2020-05-20,2020-07-19,B2,1400698.0499999998,0.410544354869164,49650.975000000006,Finance,Mumbai,Yes,Offer Rejected,60,993019.5,882684,Bajaj Finance,Diploma,7,6.3,2013,1500000,0.5105443548691642,M,Employee referral,1992-04-28,Chennai,2,2020-04-25,2,2020-04-30,2020-05-03,Managerial,Online,40,15
107,C108,2019-11-23,2020-03-13,2020-03-23,2020-03-30,2020-04-29,B3,1754365.0374999996,0.20463177755135525,72817.48125,IT,NCR,Yes,Offer Rejected,30,1456349.625,1294533,Oracle,Master,10,9.0,2010,1900000,0.3046317775513555,F,Direct,1986-11-08,Delhi,3,2020-03-05,2,2020-03-10,2020-03-13,Technical,Written,40,40
108,C109,2019-10-06,2020-06-09,2020-06-19,2020-06-26,2020-07-11,B2,1490124.9625,0.3561997305347904,54937.51875,IT,Chennai,Yes,Joined,15,1098750.375,976667,Cognizant,Master,8,7.2,2012,1600000,0.4561997305347905,F,Direct,1988-04-22,Gurugram,2,2020-05-26,4,2020-05-31,2020-06-09,Managerial,FaceToFace,25,45
109,C110,2019-08-22,2020-03-30,2020-04-09,2020-04-16,2020-05-01,B3,2124929.8625,0.21375917837500974,87535.06875,Finance,Mumbai,Yes,Joined,0,1750701.375,1556179,HSBC,Bachelors,12,10.8,2008,2300000,0.31375917837500983,M,Employee referral,1986-08-17,Chennai,3,2020-03-16,4,2020-03-21,2020-03-30,Technical,Online,60,25
110,C111,2019-07-31,2020-03-13,2020-03-23,2020-03-30,2020-05-14,B4,2590934.95,0.23929607076840448,104532.52500000001,IT,Mumbai,Yes,Offer Rejected,45,2090650.5,1858356,CSE,Diploma,15,13.5,2005,2800000,0.3392960707684044,M,Employee referral,1984-02-06,Pune,4,2020-03-02,3,2020-03-07,2020-03-13,Managerial,Written,25,40
111,C112,2019-09-27,2020-04-12,2020-04-22,2020-04-29,2020-05-14,C6,3583325.6624999996,0.1315491147115764,158337.16875,Finance,Hyderabad,Yes,Joined,0,3166743.375,2814883,Bajaj Finance,Bachelors,20,18.0,2000,3900000,0.23154911471157652,F,Employee referral,1978-02-20,Pune,6,2020-04-07,1,2020-04-12,2020-04-12,Technical,FaceToFace,45,45
112,C113,2019-07-04,2020-06-26,2020-07-06,2020-07-13,2020-08-27,B3,1664332.0875,0.22676914299834894,67833.95625,IT,Mumbai,Yes,Offer Rejected,45,1356679.125,1205937,Infosys,Bachelors,10,9.0,2010,1800000,0.326769142998349,F,Agency,1988-07-20,Bangaluru,3,2020-06-21,1,2020-06-26,2020-06-26,Technical,Written,45,45
113,C114,2019-07-30,2020-05-18,2020-05-28,2020-06-04,2020-08-03,B5,3164421.7375,0.3432571001749365,117789.13125,IT,Pune,Yes,Offer Rejected,60,2355782.625,2094029,TCS,Master,16,14.4,2004,3400000,0.4432571001749366,F,Agency,1980-03-07,Mumbai,4,2020-05-13,1,2020-05-18,2020-05-18,General,Written,25,25
114,C115,2019-12-01,2020-06-22,2020-07-02,2020-07-09,2020-07-24,C6,3706738.7125,0.26397136972946006,146630.64375000002,IT,Chennai,Yes,Offer Rejected,0,2932612.875,2606767,Accenture,Master,19,17.1,2001,4000000,0.3639713697294601,M,Agency,1977-04-22,Mysore,6,2020-06-17,1,2020-06-22,2020-06-22,Managerial,Written,20,20
115,C116,2019-11-21,2020-04-09,2020-04-19,2020-04-26,2020-05-11,C6,3317837.7375,0.17586161526472727,141081.13125,Manufacturing,Pune,Yes,Joined,15,2821622.625,2508109,L & T,Diploma,18,16.2,2002,3600000,0.27586161526472736,M,Direct,1981-05-29,Kolkata,6,2020-04-04,1,2020-04-09,2020-04-09,Managerial,Online,40,40
116,C117,2019-07-15,2020-02-10,2020-02-20,2020-02-27,2020-03-13,C6,3813036.8,0.32875462777108694,143481.6,IT,Chennai,Yes,Offer Rejected,0,2869632.0,2550784,IBM,Diploma,18,16.2,2002,4100000,0.428754627771087,F,Agency,1981-05-26,Kolkata,6,2020-01-27,4,2020-02-01,2020-02-10,General,Written,15,60
117,C118,2019-10-21,2020-03-27,2020-04-06,2020-04-13,2020-05-13,B2,1392966.7125,0.3014331756370652,53516.64375,Finance,Hyderabad,Yes,Joined,30,1070332.875,951407,JP Morgun,Diploma,8,7.2,2012,1500000,0.40143317563706526,F,Direct,1991-09-28,Pune,2,2020-03-13,4,2020-03-18,2020-03-27,Technical,Written,25,25
118,C119,2019-08-09,2020-01-21,2020-01-31,2020-02-07,2020-03-08,B3,2416639.5124999997,0.31797179722267027,91680.24375000001,IT,Hyderabad,Yes,Offer Rejected,30,1833604.875,1629871,CSE,Master,12,10.8,2008,2600000,0.41797179722267047,M,Employee referral,1984-06-20,Mysore,4,2020-01-07,4,2020-01-12,2020-01-21,General,Written,60,40
119,C120,2019-12-25,2020-03-22,2020-04-01,2020-04-08,2020-05-08,B1,931408.8624999999,0.35791429687253684,34295.56875,IT,Pune,Yes,Joined,30,685911.375,609699,Cognizant,Master,5,4.5,2015,1000000,0.45791429687253693,F,Direct,1991-08-10,Hyderabad,1,2020-03-14,2,2020-03-19,2020-03-22,Managerial,Online,20,15
120,C121,2019-09-07,2020-03-18,2020-03-28,2020-04-04,2020-05-19,B1,1019232.5374999999,0.2619345785439277,40383.731250000004,IT,NCR,Yes,Joined,45,807674.625,717933,Infosys,Diploma,6,5.4,2014,1100000,0.3619345785439279,F,Agency,1993-04-09,Pune,2,2020-03-13,1,2020-03-18,2020-03-18,Technical,FaceToFace,60,60
121,C122,2019-09-27,2020-05-16,2020-05-26,2020-06-02,2020-07-17,B5,3068440.0124999997,0.32511667737933336,115779.99375000001,Finance,Pune,No,Joined,45,2315599.875,2058311,Bank Of America,Diploma,16,14.4,2004,3300000,0.4251166773793335,M,Employee referral,1983-08-29,Pune,5,2020-05-11,1,2020-05-16,2020-05-16,Managerial,Online,20,20
122,C123,2019-10-18,2020-03-03,2020-03-13,2020-03-20,2020-04-19,C6,3605874.8249999997,0.2259660618986456,147062.5875,Finance,Mumbai,Yes,Joined,30,2941251.75,2614446,Bank Of America,Master,19,17.1,2001,3900000,0.3259660618986457,M,Employee referral,1977-03-08,Delhi,6,2020-02-27,1,2020-03-03,2020-03-03,General,Written,25,25
123,C124,2019-12-10,2020-03-08,2020-03-18,2020-03-25,2020-05-09,C6,3317689.1249999995,0.17518998338268035,141155.4375,Finance,NCR,Yes,Joined,45,2823108.75,2509430,HSBC,Bachelors,18,16.2,2002,3600000,0.2751899833826805,F,Direct,1980-11-06,Mumbai,6,2020-02-26,3,2020-03-02,2020-03-08,General,Online,25,40
124,C125,2019-09-25,2020-02-01,2020-02-11,2020-02-18,2020-03-04,B5,2949109.5875,0.1754572676227713,125445.20625,IT,Hyderabad,Yes,Joined,15,2508904.125,2230137,CSE,Bachelors,16,14.4,2004,3200000,0.27545726762277134,M,Direct,1982-01-24,Noida,5,2020-01-18,4,2020-01-23,2020-02-01,General,Written,40,30
125,C126,2019-10-17,2020-01-16,2020-01-26,2020-02-02,2020-03-18,B3,2217934.725,0.2182085381190895,91032.63750000001,Finance,NCR,Yes,Joined,45,1820652.75,1618358,JP Morgun,Bachelors,12,10.8,2008,2400000,0.31820853811908945,M,Employee referral,1986-08-16,Chennai,4,2020-01-08,2,2020-01-13,2020-01-16,Managerial,Written,40,20
126,C127,2019-12-15,2020-02-02,2020-02-12,2020-02-19,2020-04-04,B3,1835722.6624999999,0.11745338123708017,82138.66875000001,Manufacturing,Hyderabad,Yes,Offer Rejected,45,1642773.375,1460243,Mahindra,Bachelors,11,9.9,2009,2000000,0.21745338123708025,F,Employee referral,1987-09-15,Kolkata,3,2020-01-25,2,2020-01-30,2020-02-02,Managerial,Written,30,20
127,C128,2019-12-07,2020-04-08,2020-04-18,2020-04-25,2020-06-24,B2,1401139.3875,0.41728778738853145,49430.30625,IT,Chennai,Yes,Joined,60,988606.125,878761,HCL,Diploma,7,6.3,2013,1500000,0.5172877873885315,M,Agency,1992-07-30,Gurugram,2,2020-04-03,1,2020-04-08,2020-04-08,Technical,Online,20,20
128,C129,2019-07-12,2020-06-13,2020-06-23,2020-06-30,2020-07-15,B0,745000.1,0.3545480991783621,27499.95,Finance,Pune,No,Joined,0,549999.0,488888,Bank Of America,Bachelors,4,3.6,2016,800000,0.45454809917836214,F,Direct,1994-12-17,Pune,1,2020-06-02,3,2020-06-07,2020-06-13,Technical,Online,20,60
129,C130,2019-11-22,2020-02-11,2020-02-21,2020-02-28,2020-04-28,B4,2789595.8625,0.32582747451912625,105202.06875,IT,Chennai,Yes,Offer Rejected,60,2104041.375,1870259,TCS,Bachelors,15,13.5,2005,3000000,0.42582747451912634,M,Agency,1983-04-17,Pune,4,2020-01-28,4,2020-02-02,2020-02-11,Managerial,Written,45,20
130,C131,2019-12-28,2020-06-16,2020-06-26,2020-07-03,2020-08-02,B0,557030.9624999999,0.2963542934839997,21484.518750000003,IT,Chennai,Yes,Offer Rejected,30,429690.375,381947,Infosys,Diploma,3,2.7,2017,600000,0.396354293484,M,Employee referral,1996-11-03,Mumbai,1,2020-06-08,2,2020-06-13,2020-06-16,Technical,FaceToFace,45,30
131,C132,2019-07-27,2020-06-22,2020-07-02,2020-07-09,2020-09-07,B3,1946962.3125,0.2722110117483316,76518.84375,IT,Chennai,Yes,Joined,60,1530376.875,1360335,CSE,Bachelors,10,9.0,2010,2100000,0.3722110117483316,F,Agency,1988-08-13,Hyderabad,3,2020-06-11,3,2020-06-16,2020-06-22,General,Written,20,15
132,C133,2019-11-20,2020-06-20,2020-06-30,2020-07-07,2020-08-21,B0,656023.8624999999,0.49177235608743475,21988.068750000002,IT,Mumbai,Yes,Joined,45,439761.375,390899,Cognizant,Diploma,3,2.7,2017,700000,0.591772356087435,M,Employee referral,1996-04-16,Bangaluru,1,2020-06-09,3,2020-06-14,2020-06-20,Managerial,Written,60,25
133,C134,2019-08-02,2020-05-02,2020-05-12,2020-05-19,2020-07-03,B5,3064537.725,0.30149839289542246,117731.13750000001,IT,Hyderabad,Yes,Offer Rejected,45,2354622.75,2092998,Tech Mahindra,Bachelors,16,14.4,2004,3300000,0.40149839289542244,M,Agency,1982-03-29,Mysore,5,2020-04-18,4,2020-04-23,2020-05-02,Managerial,FaceToFace,40,15
134,C135,2019-12-26,2020-01-10,2020-01-20,2020-01-27,2020-03-12,C6,4004978.0874999994,0.3575188546376193,147510.95625000002,Finance,Pune,No,Joined,45,2950219.125,2622417,Bajaj Finance,Master,19,17.1,2001,4300000,0.4575188546376195,M,Employee referral,1977-07-09,Pune,6,2020-01-05,1,2020-01-10,2020-01-10,Managerial,Online,45,45
135,C136,2019-11-25,2020-05-25,2020-06-04,2020-06-11,2020-06-26,C6,3713606.9499999997,0.2966819376378022,143196.525,Finance,Hyderabad,Yes,Joined,15,2863930.5,2545716,Bank Of America,Master,18,16.2,2002,4000000,0.3966819376378023,M,Employee referral,1978-04-25,Gurugram,6,2020-05-14,3,2020-05-19,2020-05-25,General,FaceToFace,15,40
136,C137,2019-11-13,2020-03-03,2020-03-13,2020-03-20,2020-04-19,B4,2304075.2874999996,0.17600034120249106,97962.35625000001,IT,Mumbai,Yes,Joined,30,1959247.125,1741553,CSE,Bachelors,13,11.700000000000001,2007,2500000,0.27600034120249123,F,Direct,1985-09-30,Pune,4,2020-02-27,1,2020-03-03,2020-03-03,Managerial,Online,25,25
137,C138,2019-08-01,2020-05-19,2020-05-29,2020-06-05,2020-06-20,B3,1753397.7625,0.19602387548825778,73301.11875000001,IT,Pune,Yes,Offer Rejected,0,1466022.375,1303131,Cognizant,Diploma,10,9.0,2010,1900000,0.2960238754882578,M,Employee referral,1989-08-25,Bangaluru,3,2020-05-14,1,2020-05-19,2020-05-19,Technical,Online,40,40
138,C139,2019-07-20,2020-04-05,2020-04-15,2020-04-22,2020-06-21,B1,1026400.9249999999,0.3945840012255588,36799.5375,IT,Pune,Yes,Joined,60,735990.75,654214,Oracle,Master,6,5.4,2014,1100000,0.4945840012255589,M,Agency,1990-04-10,Delhi,1,2020-03-22,4,2020-03-27,2020-04-05,Technical,Online,45,25
139,C140,2019-08-27,2020-03-29,2020-04-08,2020-04-15,2020-04-30,C6,4067880.3125,0.22482359992585504,166059.84375,IT,NCR,Yes,Joined,15,3321196.875,2952175,CSE,Master,20,18.0,2000,4400000,0.324823599925855,F,Direct,1976-01-15,Chennai,6,2020-03-21,2,2020-03-26,2020-03-29,Managerial,Online,15,40
140,C141,2019-07-06,2020-05-24,2020-06-03,2020-06-10,2020-06-25,B3,1861079.5999999999,0.33967336690651617,69460.2,IT,Hyderabad,Yes,Offer Rejected,15,1389204.0,1234848,Oracle,Diploma,10,9.0,2010,2000000,0.43967336690651626,M,Direct,1989-03-29,Pune,3,2020-05-19,1,2020-05-24,2020-05-24,Managerial,FaceToFace,30,30
141,C142,2019-11-21,2020-05-11,2020-05-21,2020-05-28,2020-07-12,B3,1947733.1625,0.2791578222014364,76133.41875,Finance,Chennai,No,Offer Rejected,45,1522668.375,1353483,Bank Of America,Master,10,9.0,2010,2100000,0.37915782220143635,M,Direct,1986-11-22,Chennai,3,2020-05-03,2,2020-05-08,2020-05-11,General,FaceToFace,15,45
142,C143,2019-10-30,2020-01-27,2020-02-06,2020-02-13,2020-03-29,C6,3615707.9999999995,0.2718289645857075,142146.0,IT,Mumbai,Yes,Offer Rejected,45,2842920.0,2527040,Accenture,Bachelors,18,16.2,2002,3900000,0.37182896458570763,F,Direct,1980-08-25,Noida,6,2020-01-22,1,2020-01-27,2020-01-27,General,FaceToFace,20,20
143,C144,2019-08-01,2020-04-21,2020-05-01,2020-05-08,2020-07-07,C6,3778662.5374999996,0.17591721428994592,160668.73125,Finance,NCR,Yes,Joined,60,3213374.625,2856333,HSBC,Bachelors,20,18.0,2000,4100000,0.27591721428994603,M,Direct,1978-12-03,Kolkata,6,2020-04-13,2,2020-04-18,2020-04-21,General,FaceToFace,40,40
144,C145,2019-09-21,2020-05-17,2020-05-27,2020-06-03,2020-07-03,C6,3489739.1749999993,0.12477596067760065,155130.4125,IT,Hyderabad,Yes,Joined,30,3102608.25,2757874,IBM,Diploma,19,17.1,2001,3800000,0.22477596067760086,F,Employee referral,1980-09-18,Chennai,6,2020-05-09,2,2020-05-14,2020-05-17,Technical,Online,45,45
145,C146,2019-12-15,2020-06-04,2020-06-14,2020-06-21,2020-07-06,B2,1580506.6624999999,0.3226734607693085,59746.668750000004,Finance,Mumbai,Yes,Joined,0,1194933.375,1062163,JP Morgun,Bachelors,9,8.1,2011,1700000,0.42267346076930856,M,Direct,1989-06-07,Pune,3,2020-05-21,4,2020-05-26,2020-06-04,Technical,Online,40,25
146,C147,2019-10-14,2020-03-21,2020-03-31,2020-04-07,2020-05-07,B4,2700414.5374999996,0.3530116390616374,99792.73125000001,IT,Hyderabad,Yes,Joined,30,1995854.625,1774093,HCL,Master,13,11.700000000000001,2007,2900000,0.45301163906163755,M,Direct,1983-01-19,Mumbai,4,2020-03-13,2,2020-03-18,2020-03-21,Technical,FaceToFace,30,45
147,C148,2019-09-11,2020-05-19,2020-05-29,2020-06-05,2020-08-04,B4,2589977.6875,0.23319168171715088,105011.15625,IT,Chennai,No,Joined,60,2100223.125,1866865,Infosys,Bachelors,15,13.5,2005,2800000,0.3331916817171509,M,Agency,1983-03-30,Chennai,4,2020-05-11,2,2020-05-16,2020-05-19,General,Written,30,40
148,C149,2019-10-07,2020-02-21,2020-03-02,2020-03-09,2020-03-24,B5,3258867.3874999997,0.35148346534834635,120566.30625000001,Manufacturing,Chennai,Yes,Offer Rejected,0,2411326.125,2143401,Mahindra,Master,16,14.4,2004,3500000,0.45148346534834644,M,Employee referral,1980-04-06,Mumbai,5,2020-02-07,4,2020-02-12,2020-02-21,General,Written,20,15
149,C150,2019-08-26,2020-02-08,2020-02-18,2020-02-25,2020-03-11,B3,1844194.9249999998,0.18365523395178227,77902.5375,IT,Mumbai,Yes,Offer Rejected,15,1558050.75,1384934,HCL,Diploma,11,9.9,2009,2000000,0.2836552339517824,F,Agency,1988-01-07,Bangaluru,3,2020-01-25,4,2020-01-30,2020-02-08,Managerial,Written,60,20
150,C151,2019-10-26,2020-03-28,2020-04-07,2020-04-14,2020-04-29,B5,3437328.025,0.30860097465669867,131335.98750000002,Finance,Pune,No,Joined,0,2626719.75,2334862,HSBC,Bachelors,17,15.3,2003,3700000,0.4086009746566987,F,Direct,1981-09-08,Pune,5,2020-03-14,4,2020-03-19,2020-03-28,Managerial,Online,40,40
151,C152,2019-12-04,2020-02-07,2020-02-17,2020-02-24,2020-03-10,B3,2139488.8249999997,0.33292203798271347,80255.58750000001,Finance,Mumbai,Yes,Offer Rejected,15,1605111.75,1426766,Bajaj Finance,Diploma,11,9.9,2009,2300000,0.43292203798271367,F,Agency,1988-10-05,Pune,3,2020-01-24,4,2020-01-29,2020-02-07,Technical,FaceToFace,40,15
152,C153,2019-08-01,2020-05-02,2020-05-12,2020-05-19,2020-07-03,C6,3716520.7,0.3110377724228895,141739.65,Finance,NCR,Yes,Offer Rejected,45,2834793.0,2519816,JP Morgun,Diploma,18,16.2,2002,4000000,0.4110377724228894,F,Employee referral,1981-01-22,Bangaluru,6,2020-04-24,2,2020-04-29,2020-05-02,Managerial,FaceToFace,60,30
153,C154,2019-12-07,2020-03-23,2020-04-02,2020-04-09,2020-04-24,B3,1747199.125,0.14344837684993622,76400.4375,IT,Chennai,Yes,Joined,0,1528008.75,1358230,Infosys,Master,10,9.0,2010,1900000,0.24344837684993623,M,Agency,1986-03-05,Mysore,3,2020-03-15,2,2020-03-20,2020-03-23,Technical,Online,45,45
154,C155,2019-07-15,2020-04-09,2020-04-19,2020-04-26,2020-06-10,B0,840888.675,0.42255088174727945,29555.662500000002,Finance,Pune,Yes,Offer Rejected,45,591113.25,525434,HSBC,Bachelors,4,3.6,2016,900000,0.5225508817472794,F,Employee referral,1994-07-11,Hyderabad,1,2020-03-26,4,2020-03-31,2020-04-09,General,Online,20,20
155,C156,2019-08-24,2020-06-21,2020-07-01,2020-07-08,2020-07-23,C6,4288596.85,0.3771848004748827,155701.575,IT,Hyderabad,Yes,Joined,15,3114031.5,2768028,Oracle,Diploma,20,18.0,2000,4600000,0.4771848004748828,F,Employee referral,1979-04-30,Kolkata,6,2020-06-13,2,2020-06-18,2020-06-21,Technical,FaceToFace,20,25
156,C157,2019-08-04,2020-03-19,2020-03-29,2020-04-05,2020-04-20,B2,1397869.6875,0.36871184791488815,51065.15625,Finance,Mumbai,Yes,Joined,0,1021303.125,907825,Bank Of America,Master,7,6.3,2013,1500000,0.4687118479148881,F,Direct,1989-05-20,Pune,2,2020-03-08,3,2020-03-13,2020-03-19,General,FaceToFace,40,60
157,C158,2019-11-30,2020-06-29,2020-07-09,2020-07-16,2020-09-14,C6,4196143.462499999,0.38096204775584247,151928.26875000002,Manufacturing,NCR,Yes,Offer Rejected,60,3038565.375,2700947,L & T,Master,19,17.1,2001,4500000,0.48096204775584267,F,Employee referral,1977-02-02,Mysore,6,2020-06-21,2,2020-06-26,2020-06-29,General,Written,60,45
158,C159,2019-09-19,2020-05-06,2020-05-16,2020-05-23,2020-06-22,B4,2487153.4875,0.16851972733168452,106423.25625,IT,Mumbai,Yes,Offer Rejected,30,2128465.125,1891969,Cognizant,Bachelors,15,13.5,2005,2700000,0.2685197273316846,M,Agency,1983-08-15,Pune,4,2020-04-25,3,2020-04-30,2020-05-06,Managerial,FaceToFace,25,30
159,C160,2019-07-15,2020-04-10,2020-04-20,2020-04-27,2020-06-11,B4,2572654.9374999995,0.13160800996062957,113672.53125,IT,Pune,Yes,Joined,45,2273450.625,2020845,Oracle,Master,15,13.5,2005,2800000,0.23160800996062977,M,Employee referral,1981-06-30,Gurugram,4,2020-04-05,1,2020-04-10,2020-04-10,Managerial,Online,60,60
160,C161,2019-12-31,2020-02-29,2020-03-10,2020-03-17,2020-04-01,B1,1110763.0875,0.24473500525917447,44618.45625,Finance,Hyderabad,Yes,Joined,15,892369.125,793217,JP Morgun,Bachelors,6,5.4,2014,1200000,0.34473500525917455,M,Employee referral,1992-08-18,Noida,1,2020-02-15,4,2020-02-20,2020-02-29,Managerial,Written,60,60
161,C162,2019-10-03,2020-02-08,2020-02-18,2020-02-25,2020-03-26,B2,1866504.575,0.398178682902429,66747.71250000001,IT,Mumbai,Yes,Joined,30,1334954.25,1186626,Infosys,Master,9,8.1,2011,2000000,0.49817868290242906,M,Employee referral,1987-04-26,Gurugram,3,2020-01-31,2,2020-02-05,2020-02-08,Managerial,FaceToFace,45,30
162,C163,2019-08-11,2020-05-24,2020-06-03,2020-06-10,2020-07-25,B3,2505949.9875,0.29139388099755975,97025.00625,IT,Pune,Yes,Offer Rejected,45,1940500.125,1724889,Oracle,Bachelors,12,10.8,2008,2700000,0.39139388099755984,M,Direct,1986-07-18,Mumbai,4,2020-05-13,3,2020-05-18,2020-05-24,Technical,Written,25,40
163,C164,2019-10-07,2020-04-07,2020-04-17,2020-04-24,2020-05-09,B3,2318183.2375,0.27501073367753964,90908.38125,IT,Pune,Yes,Offer Rejected,15,1818167.625,1616149,TCS,Bachelors,12,10.8,2008,2500000,0.3750107336775398,M,Employee referral,1986-04-01,Chennai,4,2020-03-30,2,2020-04-04,2020-04-07,Technical,Online,30,30
164,C165,2019-07-06,2020-04-29,2020-05-09,2020-05-16,2020-06-30,B0,462246.12499999994,0.22436736626372775,18876.9375,IT,NCR,Yes,Joined,45,377538.75,335590,Cognizant,Bachelors,3,2.7,2017,500000,0.3243673662637279,F,Employee referral,1995-07-10,Hyderabad,1,2020-04-18,3,2020-04-23,2020-04-29,Technical,FaceToFace,25,40
165,C166,2019-11-25,2020-03-12,2020-03-22,2020-03-29,2020-04-13,B2,1484245.15,0.2822315004511689,57877.425,Manufacturing,Chennai,Yes,Joined,15,1157548.5,1028932,Mahindra,Bachelors,8,7.2,2012,1600000,0.382231500451169,M,Agency,1990-01-27,Noida,2,2020-03-01,3,2020-03-06,2020-03-12,Managerial,Written,40,60
166,C167,2019-12-12,2020-05-12,2020-05-22,2020-05-29,2020-07-13,C6,4008911.4250000003,0.37721359383479763,145544.2875,IT,NCR,Yes,Joined,45,2910885.75,2587454,Tech Mahindra,Bachelors,19,17.1,2001,4300000,0.47721359383479756,M,Direct,1979-05-19,Hyderabad,6,2020-05-01,3,2020-05-06,2020-05-12,Technical,Written,20,40
167,C168,2019-12-10,2020-02-13,2020-02-23,2020-03-01,2020-03-16,B5,3033478.275,0.1381729857106395,133260.86250000002,IT,Chennai,Yes,Joined,15,2665217.25,2369082,IBM,Diploma,17,15.3,2003,3300000,0.23817298571063952,F,Employee referral,1982-08-04,Noida,5,2020-02-08,1,2020-02-13,2020-02-13,General,Written,45,45
168,C169,2019-07-02,2020-06-19,2020-06-29,2020-07-06,2020-07-21,C6,4568678.837499999,0.3789275647310936,165660.58125000002,IT,Hyderabad,Yes,Offer Rejected,0,3313211.625,2945077,Tech Mahindra,Master,20,18.0,2000,4900000,0.4789275647310938,M,Direct,1976-11-13,Chennai,6,2020-06-08,3,2020-06-13,2020-06-19,Technical,Online,20,60
169,C170,2019-12-17,2020-04-29,2020-05-09,2020-05-16,2020-05-31,B2,1483634.1624999999,0.27497399097050274,58182.918750000004,IT,Hyderabad,Yes,Offer Rejected,0,1163658.375,1034363,TCS,Bachelors,8,7.2,2012,1600000,0.3749739909705028,F,Agency,1990-07-11,Mysore,2,2020-04-24,1,2020-04-29,2020-04-29,General,Online,20,20
170,C171,2019-10-01,2020-05-19,2020-05-29,2020-06-05,2020-08-04,B1,1104418.2,0.15546913742992907,47790.9,Finance,Hyderabad,Yes,Joined,60,955818.0,849616,Bank Of America,Bachelors,6,5.4,2014,1200000,0.2554691374299291,M,Employee referral,1992-09-20,Chennai,1,2020-05-08,3,2020-05-13,2020-05-19,Technical,FaceToFace,30,45
171,C172,2019-09-11,2020-04-09,2020-04-19,2020-04-26,2020-05-26,C6,4004329.6374999993,0.35432229447751945,147835.18125,IT,Hyderabad,Yes,Joined,30,2956703.625,2628181,Accenture,Diploma,19,17.1,2001,4300000,0.4543222944775197,F,Employee referral,1980-04-30,Kolkata,6,2020-04-04,1,2020-04-09,2020-04-09,Managerial,FaceToFace,45,45
172,C173,2019-12-17,2020-02-20,2020-03-01,2020-03-08,2020-05-07,B5,2957506.025,0.21962041531134946,121246.9875,Manufacturing,NCR,Yes,Offer Rejected,60,2424939.75,2155502,Mahindra,Diploma,16,14.4,2004,3200000,0.3196204153113495,F,Agency,1983-06-10,Delhi,5,2020-02-09,3,2020-02-14,2020-02-20,Technical,FaceToFace,20,30
173,C174,2019-07-06,2020-06-22,2020-07-02,2020-07-09,2020-07-24,B0,552952.6125,0.17530992023733527,23523.693750000002,IT,Hyderabad,Yes,Offer Rejected,0,470473.875,418199,HCL,Master,4,3.6,2016,600000,0.2753099202373352,M,Agency,1992-04-13,Delhi,1,2020-06-11,3,2020-06-16,2020-06-22,Managerial,Online,20,60
174,C175,2019-10-09,2020-06-02,2020-06-12,2020-06-19,2020-07-04,B4,2599737.9625,0.2981681375832401,100131.01875,IT,Hyderabad,Yes,Joined,15,2002620.375,1780107,CSE,Master,13,11.700000000000001,2007,2800000,0.39816813758324016,M,Employee referral,1983-10-02,Mysore,4,2020-05-19,4,2020-05-24,2020-06-02,Technical,Online,15,40
175,C176,2019-10-30,2020-06-25,2020-07-05,2020-07-12,2020-09-10,B4,2477703.5999999996,0.11459456833309024,111148.20000000001,IT,Mumbai,Yes,Offer Rejected,60,2222964.0,1975968,IBM,Diploma,15,13.5,2005,2700000,0.2145945683330904,F,Direct,1984-08-06,Kolkata,4,2020-06-14,3,2020-06-19,2020-06-25,Technical,FaceToFace,30,60
176,C177,2019-07-30,2020-06-07,2020-06-17,2020-06-24,2020-08-08,B2,1300760.15,0.3107236155637074,49619.925,IT,Hyderabad,No,Offer Rejected,45,992398.5,882132,Cognizant,Bachelors,7,6.3,2013,1400000,0.4107236155637075,M,Employee referral,1991-09-08,Hyderabad,2,2020-05-24,4,2020-05-29,2020-06-07,Managerial,FaceToFace,30,20
177,C178,2019-12-07,2020-05-31,2020-06-10,2020-06-17,2020-07-17,B0,460949.11249999993,0.18038063155414824,19525.443750000002,Manufacturing,Hyderabad,Yes,Joined,30,390508.875,347119,L & T,Bachelors,3,2.7,2017,500000,0.28038063155414844,F,Direct,1995-05-09,Delhi,1,2020-05-26,1,2020-05-31,2020-05-31,Technical,Written,60,60
178,C179,2019-11-11,2020-06-21,2020-07-01,2020-07-08,2020-09-06,B2,1200337.9375,0.20440808406910102,49831.03125,IT,NCR,Yes,Joined,60,996620.625,885885,Accenture,Bachelors,7,6.3,2013,1300000,0.304408084069101,F,Agency,1991-11-21,Gurugram,2,2020-06-13,2,2020-06-18,2020-06-21,Technical,Written,45,30
179,C180,2019-11-16,2020-04-07,2020-04-17,2020-04-24,2020-06-08,C6,3769627.5500000003,0.14102357808588467,165186.225,Finance,NCR,Yes,Offer Rejected,45,3303724.5,2936644,JP Morgun,Bachelors,20,18.0,2000,4100000,0.2410235780858846,F,Direct,1978-12-31,Bangaluru,6,2020-04-02,1,2020-04-07,2020-04-07,Managerial,FaceToFace,60,60
180,C181,2019-12-25,2020-05-04,2020-05-14,2020-05-21,2020-07-20,C6,3505630.475,0.19089449731591615,147184.7625,IT,NCR,Yes,Joined,60,2943695.25,2616618,Accenture,Master,19,17.1,2001,3800000,0.2908944973159161,M,Agency,1977-12-16,Mysore,6,2020-04-20,4,2020-04-25,2020-05-04,General,FaceToFace,20,40
181,C182,2019-09-12,2020-04-02,2020-04-12,2020-04-19,2020-05-19,B5,3827473.5874999994,0.40444133557146483,136263.20625000002,Manufacturing,NCR,Yes,Joined,30,2725264.125,2422457,Mahindra,Bachelors,17,15.3,2003,4100000,0.504441335571465,M,Agency,1981-04-24,Gurugram,5,2020-03-25,2,2020-03-30,2020-04-02,General,Online,40,30
182,C183,2019-11-06,2020-02-12,2020-02-22,2020-02-29,2020-04-14,B4,2597406.9625,0.2820810599179648,101296.51875,Finance,NCR,Yes,Joined,45,2025930.375,1800827,JP Morgun,Bachelors,14,12.6,2006,2800000,0.38208105991796487,M,Agency,1984-06-03,Noida,4,2020-01-29,4,2020-02-03,2020-02-12,Managerial,Written,45,25
183,C184,2019-10-22,2020-06-28,2020-07-08,2020-07-15,2020-07-30,B4,2796538.2375,0.3744785276299766,101730.88125,IT,Hyderabad,Yes,Offer Rejected,0,2034617.625,1808549,IBM,Diploma,14,12.6,2006,3000000,0.47447852762997667,M,Agency,1985-08-29,Kolkata,4,2020-06-20,2,2020-06-25,2020-06-28,Technical,Written,60,15
184,C185,2019-11-28,2020-02-17,2020-02-27,2020-03-05,2020-03-20,B0,840027.6,0.40069031754607115,29986.2,IT,NCR,Yes,Joined,0,599724.0,533088,IBM,Master,4,3.6,2016,900000,0.5006903175460712,F,Agency,1992-05-16,Gurugram,1,2020-02-06,3,2020-02-11,2020-02-17,Technical,Written,40,30
185,C186,2019-09-22,2020-01-24,2020-02-03,2020-02-10,2020-03-26,B4,2882638.4125,0.32619495728517356,108680.79375000001,Manufacturing,NCR,Yes,Joined,45,2173615.875,1932103,Mahindra,Master,15,13.5,2005,3100000,0.4261949572851735,M,Direct,1981-04-20,Noida,4,2020-01-10,4,2020-01-15,2020-01-24,Managerial,FaceToFace,45,20
186,C187,2019-08-20,2020-06-15,2020-06-25,2020-07-02,2020-08-16,B2,1398237.7875,0.3740245550380502,50881.106250000004,Finance,Mumbai,Yes,Offer Rejected,45,1017622.125,904553,Bajaj Finance,Bachelors,7,6.3,2013,1500000,0.4740245550380501,M,Agency,1991-05-04,Bangaluru,2,2020-06-04,3,2020-06-09,2020-06-15,Managerial,Written,30,40
187,C188,2019-11-29,2020-06-23,2020-07-03,2020-07-10,2020-08-24,B1,1205962.7125,0.2824303471109797,47018.64375,Finance,Chennai,Yes,Offer Rejected,45,940372.875,835887,Bank Of America,Master,6,5.4,2014,1300000,0.3824303471109798,M,Direct,1990-07-31,Mysore,1,2020-06-18,1,2020-06-23,2020-06-23,General,FaceToFace,15,15
188,C189,2019-11-27,2020-05-16,2020-05-26,2020-06-02,2020-07-02,B0,463902.2375,0.2851274022870531,18048.881250000002,IT,Chennai,No,Offer Rejected,30,360977.625,320869,Cognizant,Diploma,3,2.7,2017,500000,0.3851274022870531,M,Agency,1996-07-13,Chennai,1,2020-05-08,2,2020-05-13,2020-05-16,General,Written,15,45
189,C190,2019-09-03,2020-05-22,2020-06-01,2020-06-08,2020-08-07,B1,1024266.6874999999,0.35246518828817885,37866.65625,IT,NCR,Yes,Offer Rejected,60,757333.125,673185,Cognizant,Diploma,6,5.4,2014,1100000,0.452465188288179,M,Direct,1993-09-18,Mysore,2,2020-05-11,3,2020-05-16,2020-05-22,Managerial,FaceToFace,25,45
190,C191,2019-10-21,2020-01-09,2020-01-19,2020-01-26,2020-03-11,B5,2967445.0625,0.2760189460608636,116277.46875,IT,Mumbai,Yes,Offer Rejected,45,2325549.375,2067155,CSE,Bachelors,16,14.4,2004,3200000,0.37601894606086356,M,Agency,1982-04-06,Kolkata,5,2020-01-01,2,2020-01-06,2020-01-09,Managerial,FaceToFace,25,15
191,C192,2019-11-16,2020-02-26,2020-03-07,2020-03-14,2020-05-13,B3,2705646.6875,0.3921278998010389,97176.65625,IT,Chennai,Yes,Joined,60,1943533.125,1727585,TCS,Bachelors,12,10.8,2008,2900000,0.4921278998010389,M,Direct,1986-03-05,Kolkata,4,2020-02-15,3,2020-02-20,2020-02-26,Managerial,Online,15,20
192,C193,2019-12-16,2020-06-28,2020-07-08,2020-07-15,2020-08-29,B4,2673811.6625,0.18211738591517793,113094.16875000001,IT,Pune,Yes,Offer Rejected,45,2261883.375,2010563,Cognizant,Bachelors,15,13.5,2005,2900000,0.2821173859151779,M,Employee referral,1983-11-02,Kolkata,4,2020-06-17,3,2020-06-22,2020-06-28,Managerial,Online,15,45
193,C194,2019-09-05,2020-01-23,2020-02-02,2020-02-09,2020-02-24,C6,3810198.1999999997,0.31476001874384485,144900.9,IT,Chennai,Yes,Offer Rejected,15,2898018.0,2576016,Oracle,Bachelors,18,16.2,2002,4100000,0.41476001874384494,M,Employee referral,1980-01-20,Bangaluru,5,2020-01-12,3,2020-01-17,2020-01-23,General,Online,40,15
194,C195,2019-08-21,2020-03-06,2020-03-16,2020-03-23,2020-04-22,B1,1019197.4374999999,0.2613429648348094,40401.28125,IT,Hyderabad,Yes,Joined,30,808025.625,718245,TCS,Diploma,6,5.4,2014,1100000,0.36134296483480954,F,Employee referral,1993-09-13,Mumbai,1,2020-02-27,2,2020-03-03,2020-03-06,Managerial,Written,45,15
195,C196,2019-12-06,2020-06-08,2020-06-18,2020-06-25,2020-08-09,B5,3632560.3874999997,0.3582731269848814,133719.80625,IT,Chennai,Yes,Joined,45,2674396.125,2377241,Accenture,Master,17,15.3,2003,3900000,0.4582731269848815,F,Employee referral,1979-02-17,Bangaluru,5,2020-05-25,4,2020-05-30,2020-06-08,Technical,FaceToFace,15,20
196,C197,2019-11-10,2020-06-24,2020-07-04,2020-07-11,2020-08-25,B5,2951355.1999999997,0.18697644189623097,124322.40000000001,Finance,NCR,Yes,Offer Rejected,45,2486448.0,2210176,Bank Of America,Bachelors,16,14.4,2004,3200000,0.2869764418962311,M,Agency,1982-05-27,Kolkata,5,2020-06-13,3,2020-06-18,2020-06-24,General,Written,60,60
197,C198,2019-11-19,2020-01-31,2020-02-10,2020-02-17,2020-03-03,B4,2392678.025,0.15408799525472391,103660.9875,IT,Hyderabad,Yes,Offer Rejected,0,2073219.75,1842862,Tech Mahindra,Diploma,14,12.6,2006,2600000,0.254087995254724,F,Direct,1985-09-21,Kolkata,4,2020-01-17,4,2020-01-22,2020-01-31,Technical,FaceToFace,30,15
198,C199,2019-09-12,2020-05-02,2020-05-12,2020-05-19,2020-07-18,B4,2803924.0874999994,0.43001965501499295,98037.95625,Finance,Pune,Yes,Joined,60,1960759.125,1742897,HSBC,Diploma,13,11.700000000000001,2007,3000000,0.5300196550149933,F,Employee referral,1986-06-02,Kolkata,4,2020-04-18,4,2020-04-23,2020-05-02,Managerial,FaceToFace,25,25
199,C200,2019-10-29,2020-01-29,2020-02-08,2020-02-15,2020-04-15,B0,740156.1874999999,0.23681322526033896,29921.90625,Finance,Chennai,Yes,Offer Rejected,60,598438.125,531945,Bank Of America,Bachelors,4,3.6,2016,800000,0.33681322526033913,M,Agency,1994-03-17,Mumbai,1,2020-01-24,1,2020-01-29,2020-01-29,General,Online,45,45
